simbad_name,ra_hms,dec_dms,Vmag,Imag,WFS6535 mag,WFSHaIR mag,phot_g_mean_mag,vetted,n_sys,pmra,pmdec,parallax,bp_rp,source_id,ra,dec,Num
*  30 Psc,00:01:57.61,-06:00:50.65,,1.440000057220459,,,,N,1,46.941,-40.471,,,,0.49008113222000005,-6.01407055668,1
* eps Phe,00:09:24.64,-45:44:50.72,,2.5899999141693115,,,,N,1,120.393,-179.597,,,,2.3526670558199996,-45.74742390816,2
*   7 Cet,00:14:38.41,-18:55:58.30,,1.9199999570846558,,,,N,1,-26.458,-73.45,,,,3.6600704726100006,-18.932863353932504,3
* iot Cet,00:19:25.67,-08:49:26.10,,2.109999895095825,,,,N,1,-14.61,-36.668,,,,4.856976645352915,-8.82391915982472,4
* alf Phe,00:26:17.05,-42:18:21.55,2.380000114440918,,,,,N,1,233.05,-356.3,,,,6.5710475153919266,-42.305987194396046,5
* eta Scl,00:27:55.69,-33:00:25.79,,1.840000033378601,,,,N,1,-20.07,-49.425,,,,6.98207425573,-33.00716596713,6
* bet Cet,00:43:35.37,-17:59:11.78,2.009999990463257,0.7799999713897705,,,,N,1,232.55,31.99,,,,10.897378736003901,-17.98660631592891,7
* eta Cet,01:08:35.39,-10:10:56.15,,2.0299999713897705,,,,N,1,215.922,-139.029,,,,17.14746388517208,-10.18226442669,8
* tet Cet,01:24:01.40,-08:10:59.73,,2.259999990463257,,,,N,1,-76.226,-201.519,,,,21.005847006805414,-8.183260897344443,9
V* R Scl,01:26:58.09,-32:32:35.43,,2.299999952316284,,,,N,1,-9.212,-30.813,,,,21.7420579928,-32.54317756523,10
* tau Cet,01:44:04.08,-15:56:14.92,,2.4100000858306885,,,,N,1,-1721.728,854.963,,,,26.01701307163417,-15.93747989102139,11
HD  10824,01:45:59.24,-05:44:00.34,5.340000152587891,4.305771801390165,3.95315372089307,3.812199681185259,4.7800303,N,1,-10.221719768667356,-29.187016846308072,5.5553569899067785,1.7448463,2479813756210251136,26.49687034696852,-5.733429260698093,12
* 120 Phe,01:46:05.96,-50:48:58.51,,2.7300000190734863,,,,N,1,42.827,-16.559,,,,26.52485575357,-50.816254465990006,13
chi Cet,01:49:34.94,-10:41:12.56,4.679999828338623,4.6325863895163835,4.325819631725888,4.295801841419753,4.5682287,N,1,-147.8672140973054,-93.4798276463598,42.58480732836244,0.4598174,2461043306017773696,27.395592738749468,-10.686824077584252,14
* zet Cet,01:51:27.63,-10:20:06.11,,2.369999885559082,,,,N,1,39.752,-40.956,,,,27.86513061761,-10.335031066289998,15
* psi Phe,01:53:38.73,-46:18:09.60,,1.1699999570846558,,,,N,1,-91.676,-86.746,,,,28.411413800361665,-46.3026692717061,16
 56 Cet,01:56:40.27,-22:31:36.81,4.849999904632568,3.98029547657913,3.6691431743345397,3.5408105448570097,4.4074054,N,1,60.37416853512077,-24.634717445501096,7.328993991597423,1.6014807,5134765416778736512,29.167801413987608,-22.52689417375069,17
 57 Cet,01:59:46.22,-20:49:28.08,5.428999900817871,4.111464365345704,3.613911508543719,3.4374969106113333,4.6629734,N,1,18.82621682623091,15.859863581745008,4.763460460067665,2.0477092,5136714576016018432,29.942589526892256,-20.824468084859554,18
* ups Cet,02:00:00.30,-21:04:40.19,,1.7200000286102295,,,,N,1,133.922,-24.341,,,,30.001285296691666,-21.077831669502782,19
HD  12767,02:04:29.44,-29:17:48.30,4.690000057220459,5.099088739260544,4.642039074219361,4.677194440535781,4.641025,N,1,1.8492915652474036,11.772052720635736,9.403376657299413,-0.18028402,5021010046848175616,31.122699247888463,-29.296752376632117,20
rho Cet,02:25:56.99,-12:17:25.86,4.866000175476074,5.190915364649463,4.809645832760737,4.820584153514621,4.851116,N,1,-11.596298368309892,-9.786050147081152,5.805411062221748,0.0067367554,5147600840643195520,36.487471607924974,-12.290517800267525,21
 89 Cet,02:44:07.33,-13:51:31.65,4.236000061035156,4.631625571749353,4.20368682939934,4.231107362634983,4.205342,N,1,-8.394402247181015,-23.591827938926365,8.402240512412622,-0.14038897,5158225936898617344,41.03057723710541,-13.858793576751978,22
* eta Eri,02:56:25.64,-08:53:53.31,,2.5,,,,N,1,78.2,-219.121,,,,44.10687184660001,-8.8981434724,23
HD  18623,02:58:16.33,-40:18:16.64,4.110000133514404,4.575656143227491,4.185892270013446,4.206458015427393,4.3152275,N,1,-50.50152110655515,16.613265689648685,19.526953780935603,0.1421957,5044368071868204160,44.568054513155744,-40.30462235988498,24
* tau04 Eri,03:19:31.00,-21:45:28.31,,0.6600000262260437,,,,N,1,52.774,32.718,,,,49.87916936539666,-21.757865396989718,25
HD  20729,03:19:34.91,-24:07:22.80,5.622000217437744,4.130719867635619,3.5332643251127873,3.3333450465283736,4.7297926,N,1,6.194659636674342,-22.431492140739227,3.7583182868360874,2.222892,5074145801686988800,49.89547476147794,-24.123001423249043,26
* eps Eri,03:32:55.84,-09:27:29.73,,2.5399999618530273,,,,N,1,-974.758,20.876,,,,53.23268537982792,-9.458260970518056,27
del For,03:42:14.90,-31:56:17.88,4.9730000495910645,5.4065896103361695,4.972739576368439,5.001581337140549,4.9434643,N,1,4.814722462468323,13.835796211481078,3.852757307710649,-0.2042799,4863608218527472000,55.56211913282728,-31.938300782851996,28
* del Eri,03:43:14.90,-09:45:48.21,,2.319999933242798,,,,N,1,-93.634,744.36,,,,55.81208557481292,-9.763391932194168,29
* pi. Eri,03:46:08.53,-12:06:05.71,,2.0299999713897705,,,,N,1,56.125,59.445,,,,56.53556341675,-12.101588482009998,30
* g Eri,03:49:27.24,-36:12:00.92,,2.9600000381469727,,,,N,1,-45.547,-49.503,,,,57.36352607903708,-36.20025674197,31
* gam Eri,03:58:01.76,-13:30:30.65,2.940000057220459,0.6800000071525574,,,,N,1,62.227,-112.006,,,,59.50735758877376,-13.508514805984444,32
 36 Eri,03:59:55.49,-24:00:58.10,4.659999847412109,5.000129527080617,4.579321290035666,4.605650539191786,4.5849977,N,1,11.786177643101224,16.739636796489698,9.973925101984124,-0.11669016,5083386372283360000,59.98123971397159,-24.01614148925664,33
* alf Hor,04:14:00.11,-42:17:39.72,,2.4100000858306885,,,,N,1,41.992,-203.157,,,,63.50047592756917,-42.29436854309194,34
 39 Eri,04:14:23.67,-10:15:25.21,4.900000095367432,4.215723786341847,3.9644018035136135,3.8599863560456136,4.551864,N,1,-8.046919553570827,-162.2740568530363,14.170370265198535,1.3152037,3191969567826137600,63.59866323039917,-10.257004679746329,35
HD  27362,04:18:16.08,-20:42:54.61,6.052000045776367,4.133767199421641,3.2400871073215027,2.9526484823158965,4.8088913,N,1,4.40880141769747,19.73905310502364,3.226228355039513,2.779183,5091648579396153856,64.56700762558273,-20.71517129290492,36
*  43 Eri,04:24:02.20,-34:01:00.65,,1.9600000381469727,,,,N,1,67.572,48.489,,,,66.00919305988,-34.01684951183,37
HD  29065,04:34:11.73,-08:58:14.70,5.229000091552734,4.257475432248079,3.933182556321869,3.792385886694504,4.7054224,N,1,-35.35654293088717,-111.6080170602332,5.838593605445808,1.6568959,3185689878960742144,68.54888212315949,-8.97075150389221,38
* ups02 Eri,04:35:33.03,-30:33:44.43,,2.5799999237060547,,,,N,1,-49.422,-12.543,,,,68.88765817174708,-30.562342037091394,39
*  54 Eri,04:40:26.51,-19:40:17.37,,1.399999976158142,,,,N,1,24.625,-93.608,,,,70.11046426124,-19.67149187359,40
alf Cae,04:40:33.51,-41:51:50.71,4.449999809265137,4.405357532904105,4.0952852672748286,4.063985991941188,4.3509507,N,1,-139.84317633357577,-75.67725038342462,49.062048531816515,0.47311115,4815660547961306112,70.13963424554842,-41.86408761019901,41
LTT  2063,04:42:03.53,-37:08:36.18,5.050000190734863,4.948095122936856,4.645632442227664,4.60958742281169,4.9331775,N,1,42.56064406258216,212.7051037058528,34.60884517286459,0.5346408,4866371879660471808,70.514746883652,-37.143384868775584,42
HD  32309,05:01:25.62,-20:03:07.15,4.885000228881836,5.24299734302776,4.858203698576628,4.869115304460755,4.8711514,N,1,36.927544388501545,-15.404087397308611,16.569102104367353,-0.04392481,2975145496872778496,75.356760348796,-20.05198742882325,43
psi Eri,05:01:26.34,-07:10:26.16,4.809999942779541,5.247003299844195,4.790434231818779,4.825216424184282,4.735605,N,1,1.3147751545025996,7.001559214925165,3.5964462551758745,-0.25689125,3187058564780234496,75.35977998271439,-7.173933668400073,44
* gam Cae,05:04:24.40,-35:28:58.71,,2.990000009536743,,,,N,1,125.972,-42.909,,,,76.10167558273,-35.48297537488,45
gam Cae,05:04:24.56,-35:28:59.39,4.573999881744385,3.841152445477853,3.5716585482731666,3.465467563841411,4.194447,N,1,125.97169095478634,-42.90924669956887,17.591151769321872,1.3698413,4825052919883631616,76.10236314753045,-35.48316608514274,46
* eta02 Pic,05:04:58.01,-49:34:40.20,,2.9000000953674316,,,,N,1,68.621,-2.21,,,,76.24172583954,-49.57783409028,47
HD  33042,05:04:58.12,-49:34:40.23,5.010000228881836,3.979636037517509,3.59246571771381,3.4484836781171238,4.454087,N,1,68.62137337804897,-2.210104434310564,7.32699901623978,1.7487977,4785279186259228032,76.24219619490037,-49.577843913965815,48
* eps Lep,05:05:27.66,-22:22:15.72,,1.2699999809265137,,,,N,1,24.049,-74.951,,,,76.36526836354416,-22.371034487030837,49
* bet Eri,05:07:50.97,-05:05:11.38,2.7899999618530273,2.569999933242798,,,,N,1,-88.481,-70.497,,,,76.96239535462041,-5.086496983969999,50
* bet Ori,05:14:32.27,-08:12:05.89,0.12999999523162842,0.15000000596046448,,,,N,1,1.31,0.5,,,,78.63446706693006,-8.201638364722209,51
* e Ori,05:23:56.82,-07:48:29.02,,2.9000000953674316,,,,N,1,-14.339,-43.715,,,,80.9867824417454,-7.808062597089446,52
* bet Lep,05:28:14.72,-20:45:33.99,2.8399999141693115,1.75,,,,N,1,-5.748,-83.65,,,,82.06134536679916,-20.759443885748333,53
* eps Col,05:31:12.74,-35:28:13.82,,2.450000047683716,,,,N,1,27.627,-32.416,,,,82.80311450158,-35.47050660183,54
ups Ori,05:31:55.85,-07:18:05.61,4.630000114440918,5.1301316251152045,4.64147151582731,4.684750124268004,4.5462146,N,1,-0.7035268879099126,-4.885023711195623,2.456718407704508,-0.39315414,3016424530632449280,82.98274667917148,-7.301559457042783,55
* alf Lep,05:32:43.81,-17:49:20.24,2.569999933242798,2.140000104904175,,,,N,1,3.56,1.18,,,,83.18256716166667,-17.82228927222222,56
HD  36960,05:35:02.68,-06:00:07.28,4.71999979019165,5.28640078091523,4.800551655946279,4.840666728392042,4.7164865,N,1,1.1105180164068882,1.6807892766689057,2.61658822599261,-0.37281036,3017187866581304832,83.76118125097135,-6.002022626826358,57
NGC  1980,05:35:14.4,-05:55:26.4,2.5,,,,,N,1,1.219,0.598,,,,83.81,-5.9239999999999995,58
* iot Ori,05:35:25.98,-05:54:35.59,2.7699999809265137,,,,,N,1,-2.816,-1.693,,,,83.85827580502625,-5.909888523506666,59
d Ori,05:38:53.06,-07:12:46.97,4.800000190734863,4.95539258117779,4.618150636644242,4.606976112500095,4.739983,N,1,-15.402364751468909,-49.301808911146075,22.958656835375173,0.19831085,3016083407149428096,84.72111093495268,-7.213048891307543,60
* alf Col,05:39:38.94,-34:04:26.79,2.6500000953674316,2.740000009536743,,,,N,1,1.685,-24.345,,,,84.91225429958334,-34.07410971972223,61
* gam Lep,05:44:27.79,-22:26:54.18,,2.890000104904175,,,,N,1,-291.757,-368.521,,,,86.115794237325,-22.448385487848334,62
* kap Ori,05:47:45.38,-09:40:10.57,2.059999942779541,2.2699999809265137,,,,N,1,1.46,-1.28,,,,86.93912016833333,-9.66960491861111,63
HD  39640,05:50:53.22,-52:06:33.17,5.165999889373779,4.628989707445712,4.381285741529681,4.285679986926669,4.8983216,N,1,2.952625001472523,-76.65076197465555,12.16972826133494,1.1513305,4792305954618472960,87.7217775501848,-52.10921489900183,64
* bet Col,05:50:57.59,-35:46:05.91,,1.690000057220459,,,,N,1,54.452,404.6,,,,87.73996785288541,-35.76830962121,65
* del Lep,05:51:19.29,-20:52:44.73,,2.430000066757202,,,,N,1,229.027,-647.93,,,,87.83040011603666,-20.87909184884028,66
lam Col,05:53:06.87,-33:48:04.40,4.869999885559082,5.309458602426098,4.894503333875446,4.8696195958079285,4.848247,N,1,-4.09523267958587,31.12520551153997,9.4660284494665,-0.20041513,2890256052382220928,88.2786515361158,-33.801224883612235,67
gam Col,05:57:32.20,-35:16:59.64,4.360000133514404,4.781810063884635,4.333667755419876,4.368804488391454,4.30405,N,1,-2.6517299491320747,10.217788825675374,3.091816411539489,-0.20330524,2887631548188825600,89.38419413169026,-35.28323557408734,68
* eta Col,05:59:08.80,-42:48:54.47,,2.559999942779541,,,,N,1,18.897,-11.038,,,,89.78668786934041,-42.815132310185554,69
HD  41047,06:01:16.30,-33:54:43.02,5.52400016784668,4.384000934951004,3.9974178198887653,3.843478958094403,4.891814,N,1,4.875512406636386,-26.177581688849948,4.83199997102624,1.8524053,2889305249701803264,90.3179329776389,-33.91195190394194,70
  3 Mon,06:01:50.41,-10:35:52.48,5.010000228881836,5.373479870697828,4.9590087755568675,4.983226402580451,4.9612155,N,1,-6.277794323166114,4.016101589670394,3.4868378712554704,-0.12645483,2999076195652281856,90.4600629580155,-10.59791301801762,71
CCDM J06033-2617AB,06:03:15.68,-26:17:02.98,5.039999961853027,4.121401102704276,3.793017586754843,3.654615571412746,4.5432167,N,1,65.3207655281572,85.59896066930976,7.781212594707538,1.5793161,2911168969701511424,90.81533908004972,-26.28416234891447,72
V* S Lep,06:05:45.54,-24:11:44.01,,1.75,,,,N,1,4.426,-15.107,,,,91.43979032667,-24.19555972928,73
tet Lep,06:06:09.30,-14:56:06.70,4.663000106811523,4.937056787147178,4.544238458694292,4.555833984224605,4.6362815,N,1,-17.00505163982707,13.152253156212744,19.499130927571603,0.074855804,2993876570803825664,91.53877125016398,-14.935196932716986,74
 19 Lep,06:07:41.65,-19:09:56.20,5.2789998054504395,3.916934063898126,3.3845878713663247,3.188846317957596,4.4822264,N,1,12.491951486573386,56.995580750293115,4.582055056117236,2.1091924,2942242508332433152,91.92355104726148,-19.16561323870943,75
* gam Mon,06:14:51.33,-06:16:29.19,,2.359999895095825,,,,N,1,-5.601,-18.662,,,,93.71388839009543,-6.274776778696667,76
HD  43827,06:17:41.70,-16:48:57.22,5.1479997634887695,4.387582767874804,4.119851192479075,3.997420068353188,4.7560234,N,1,-14.409832689338034,2.6446672490842875,5.508546260933627,1.4171937,2944471321481716224,94.42378324330689,-16.815896921785342,77
* zet CMa,06:20:18.79,-30:03:48.12,2.990000009536743,,,,,N,1,7.32,4.03,,,,95.07830016583333,-30.063366733888888,78
* del Col,06:22:06.82,-33:26:11.03,,2.7100000381469727,,,,N,1,-22.946,-52.045,,,,95.5284372868,-33.43639894756,79
* bet CMa,06:22:41.98,-17:57:21.30,1.9700000286102295,2.3499999046325684,,,,N,1,-3.23,-0.78,,,,95.67493896958332,-17.955918708888888,80
* alf Car,06:23:57.10,-52:41:44.38,-0.7400000095367432,-1.1299999952316284,,,,N,1,19.93,23.24,,,,95.98795782918306,-52.69566138386201,81
lam CMa,06:28:10.19,-32:34:47.83,4.480000019073486,4.908974172245813,4.4791947229068185,4.514471085897002,4.4270487,N,1,-13.777026129145234,25.4590996874218,7.407723981521385,-0.22405624,2892302930717628288,97.0424607538235,-32.57995519114459,82
HD  45725,06:28:49.06,-07:01:59.06,4.599999904632568,4.9135278676300445,4.494008683279647,4.452175200322037,4.539529,N,1,-6.517724939533211,-2.9556759315086594,4.720897938485653,-0.055144787,3006953165675574272,97.20443082022794,-7.033072532821691,83
  4 CMa,06:31:51.36,-23:25:06.22,4.329999923706055,4.842716503129537,4.354283064368534,4.398468000479438,4.2663584,N,1,-3.351826006759163,6.15657188510906,2.1660237512142166,-0.34982014,2924859847973986048,97.9640099410608,-23.418394841586725,84
HD  46568,06:32:21.47,-37:41:49.41,5.252999782562256,4.707099173581831,4.44406200019797,4.358161506965557,4.9751806,N,1,73.07506824684562,-75.5994057293364,11.469225803972678,1.156548,5580063399781825280,98.08948353584422,-37.697059702338336,85
HD  46815,06:33:49.45,-36:13:53.70,5.40500020980835,4.526212414393761,4.227918168240288,4.101265799597227,4.942318,N,1,-15.621720531239191,99.48088590609105,7.984597850511055,1.5607867,5580491384682907264,98.4560808429107,-36.23158426934598,86
HD  47306,06:34:58.56,-52:58:32.02,4.400000095367432,4.638084964786209,4.245684513043905,4.245964540842854,4.3258247,N,1,-7.53711344118085,10.642658023205817,1.923474381363655,0.07692051,5501284972198817536,98.74402761716748,-52.97556197948061,87
* nu.02 CMa,06:36:41.03,-19:15:21.16,,2.609999895095825,,,,N,1,62.66,-69.816,,,,99.17099032848041,-19.25588040351555,88
HD  47536,06:37:47.75,-32:20:21.99,5.257999897003174,4.510546921417813,4.2255382540975965,4.0989440256846486,4.8742375,N,1,107.75451564741267,65.12209435050912,7.990161844937773,1.3992214,5583831735369515008,99.44897561119096,-32.33944403692668,89
  8 CMa,06:37:53.41,-18:14:15.07,4.429999828338623,3.7719941013422513,3.521083246192976,3.4069274821712963,4.103014,N,1,-7.1659155643697225,-8.777129602341436,6.787632050649171,1.3125026,2940472157174944128,99.47255555907884,-18.237519694472574,90
* nu.03 CMa,06:37:53.42,-18:14:14.93,,2.9700000286102295,,,,N,1,-7.166,-8.777,,,,99.47258909203,-18.23748068501,91
HD  47973,06:38:37.64,-48:13:12.34,5.03000020980835,4.508348958770078,4.268184604166999,4.183509375588498,4.7750874,N,1,4.002603316010442,19.657688469508656,6.6546727069447185,1.132772,5551248086235237248,99.65684226005035,-48.22009630685494,92
* alf CMa,06:45:08.91,-16:42:58.01,-1.4600000381469727,-1.4299999475479126,,,,N,1,-546.01,-1223.07,,,,101.28715533333335,-16.71611586111111,93
HD  49689,06:46:52.63,-51:15:57.83,5.379000186920166,4.489897840352967,4.183973857474366,4.042065048319825,4.9148126,N,1,-21.771059944689796,-89.5104404580339,3.5149788799459545,1.559176,5502040955163208832,101.71931735425844,-51.26606568710988,94
* tau Pup,06:49:56.16,-50:36:52.33,2.930000066757202,,,,,N,1,32.618,-69.566,,,,102.48403810537876,-50.61453869751139,95
HD  50235,06:50:52.35,-34:22:02.32,4.988999843597412,4.184264623863946,3.9157616580993304,3.7915018215465794,4.5753856,N,1,3.451580327625238,1.1289142877930871,3.6370145070713833,1.4798305,5579392388451841152,102.71815035084332,-34.36731333609148,96
HD  50648,06:53:00.28,-26:57:28.52,6.440000057220459,4.123430015406051,2.907362428842351,2.617470425431703,4.8086596,N,1,-10.915258791566028,-65.65216154276494,4.219605347516932,3.224538,2919162827256917376,103.25119371373226,-26.95792453527667,97
 15 CMa,06:53:32.90,-20:13:27.23,4.829999923706055,5.300262753521672,4.8406917495684905,4.877197525931319,4.7663326,N,1,-5.837851419364857,4.559535369497517,2.682040418514686,-0.31521988,2932263546963330176,103.38708452690732,-20.224232345171853,98
* omi01 CMa,06:54:07.95,-24:11:03.15,,1.8799999952316284,,,,N,1,-3.771,4.066,,,,103.53313445883,-24.18421097264,99
* tet CMa,06:54:11.39,-12:02:19.06,,2.1700000762939453,,,,N,1,-136.654,-14.322,,,,103.54749525536,-12.038628101049998,100
 18 CMa,06:56:06.64,-14:02:36.24,5.090000152587891,4.163995239669546,3.8250549738660666,3.718762213338014,4.5929117,N,1,-1.1064889251859162,6.382673259372397,3.421917408379425,1.6273775,2949326146358060416,104.02768626148816,-14.043402533581608,101
HD  51799,06:56:15.98,-48:43:16.11,,2.2899999618530273,,,,N,1,1.103,8.16,,,,104.06662450585918,-48.72114336132056,102
Cl Collinder  121,06:56:20,-24:43:48,2.5999999046325684,,,,,N,1,-5.11,4.58,,,,104.08333333333336,-24.729999999999997,103
* eps CMa,06:58:37.54,-28:58:19.51,1.5,1.7999999523162842,,,,N,1,3.24,1.33,,,,104.65645315148348,-28.972086157360806,104
* sig CMa,07:01:43.14,-27:56:05.38,,1.149999976158142,,,,N,1,-5.714,4.89,,,,105.42978350186792,-27.934830340443888,105
HD  54893,07:08:51.05,-39:39:20.23,4.829999923706055,5.27526886789466,4.8314596374244525,4.866163334672199,4.782602,N,1,-10.576515010637486,7.784605965648896,3.774343648442516,-0.23598862,5564659825994306176,107.21272288090462,-39.65562070198668,106
LTT  2758,07:10:47.45,-48:55:52.38,5.090000152587891,4.333764151890797,4.084534700246987,3.957548708100523,4.7136803,N,1,-18.45256726487063,197.52895288477595,9.927379051366705,1.4272814,5508514570390830336,107.6977201012826,-48.93121919959045,107
 71 Pup,07:12:33.41,-46:45:31.77,4.489999771118164,4.425827823123775,4.122546567801458,4.081134968580353,4.38301,N,1,-135.80612317341138,107.43332716701347,46.9030776895444,0.49389076,5509770796785820416,108.13922367542024,-46.758827129126175,108
 72 Pup,07:13:13.31,-45:10:59.25,4.874000072479248,5.186351740188776,4.815778283059386,4.8353404542624805,4.855254,N,1,-25.16578246575833,-87.37968922952703,17.362233769305732,0.00011396408,5511635499783885440,108.30546881852204,-45.18312595365751,109
* L02 Pup,07:13:32.31,-44:38:22.95,,0.07000000029802322,,,,N,1,106.757,323.164,,,,108.38466059843168,-44.63970885887889,110
,07:14:38.13,-48:16:18.94,,5.121771203942515,4.713989068745986,4.747794779879948,4.721437,N,1,-4.2717547943725105,-0.1516087784627474,9.048900091907704,-0.09697342,5508659362328792704,108.65889107843373,-48.271927786329506,111
* 145 CMa,07:16:36.83,-23:18:56.13,,2.509999990463257,,,,N,1,-3.816,3.896,,,,109.15347732104,-23.315593963849995,112
* pi. Pup,07:17:08.55,-37:05:50.89,2.700000047683716,0.550000011920929,,,,N,1,-10.05,6.47,,,,109.28565325467379,-37.09747115430162,113
HD  57821,07:22:13.52,-19:00:59.86,4.949999809265137,5.257025143731006,4.872302204774316,4.882885821577101,4.9122424,N,1,-1.1101953303195935,-6.450722186352874,5.465724930604307,-0.0152516365,2930559063426460544,110.55636700315657,-19.016629889873656,114
* eta CMa,07:24:05.70,-29:18:11.17,2.450000047683716,2.440000057220459,,,,N,1,-4.14,5.81,,,,111.02375950100142,-29.303105508471724,115
* sig Pup,07:29:13.83,-43:18:05.16,,1.1200000047683716,,,,N,1,-61.628,189.627,,,,112.30763598742709,-43.30143539413861,116
HD  59612,07:29:51.40,-23:01:27.37,4.860000133514404,4.8739543625966775,4.529571502446667,4.452720425628244,4.7652264,N,1,-2.8311986603639925,4.1716102197064755,0.753483780667761,0.43458796,5618683092877834368,112.46420423729673,-23.024271665481557,117
HD  59890,07:30:42.58,-30:57:44.19,4.650000095367432,4.179277515321893,3.9303650218809913,3.857494753516672,4.4038615,N,1,-11.969376226993967,1.0551673679762454,2.399903285007338,1.0519567,5593345912571693824,112.67744619582736,-30.962275845942536,118
V* KQ Pup,07:33:47.96,-14:31:26.05,,2.0799999237060547,,,,N,1,-6.997,3.998,,,,113.44986160177,-14.52390398785,119
HD  61556,07:38:49.84,-26:48:13.50,4.428999900817871,4.921527393406286,4.445846279363135,4.507606854698016,4.4215617,N,1,-17.567267209002143,21.662057306448673,8.305822243815244,-0.2527852,5612323414549657728,114.70770724641432,-26.80375088742428,120
HD  61831,07:39:27.31,-38:18:28.62,4.840000152587891,5.282588256707712,4.841826678375122,4.883963866087709,4.78793,N,1,-20.69955296393936,16.078579252240328,5.157556531638598,-0.25106955,5585285049228526080,114.86379375953553,-38.30795199266816,121
* alf Mon,07:41:14.83,-09:33:04.07,,2.640000104904175,,,,N,1,-74.989,-19.838,,,,115.31179988937959,-9.551132713051112,122
*   1 Pup,07:43:32.38,-28:24:39.18,,2.319999933242798,,,,N,1,-13.782,29.646,,,,115.88494452232,-28.41088574833,123
LTT  2932,07:43:42.11,-40:56:04.22,5.170000076293945,4.507684479973548,4.265841447237503,4.168137138625021,4.8145227,N,1,130.95989576531375,-170.91889311114645,14.775550351301929,1.2453194,5536661140353547008,115.92547472783934,-40.93450610140845,124
* c Pup,07:45:15.29,-37:58:06.90,,1.2599999904632568,,,,N,1,-10.54,5.584,,,,116.31373389138793,-37.968585259939175,125
* ksi Pup,07:49:17.65,-24:51:35.22,,1.8799999952316284,,,,N,1,-3.61,-2.579,,,,117.32355646601665,-24.859783879637224,126
  6 Pup,07:49:41.26,-17:13:44.14,5.1620001792907715,4.380876579023187,4.114051268135511,4.006877953460413,4.7613873,N,1,54.53834241178775,-117.16549297044506,12.694167701004062,1.4422534,5718613169236705536,117.42192639046708,-17.228929206524345,127
TYC 7127-2092-2,07:52:15.40,-34:42:15.76,5.119999885559082,4.922613113915652,4.636242175566144,4.582180524989218,4.940166,N,1,-198.096070311671,238.81180023957108,54.563099523190026,0.598721,5593584059914156800,118.06419139640802,-34.70437853685907,128
b Pup,07:52:38.63,-38:51:46.07,4.473999977111816,4.925429252023569,4.4713331216303125,4.504563482405764,4.436491,N,1,-8.937963711443286,3.892085960001342,4.13686381570797,-0.24020815,5537733610870346880,118.16097771908365,-38.86279730944278,129
HD  64740,07:53:03.62,-49:36:46.71,4.630000114440918,5.123787442884719,4.65456888773578,4.679586341335432,4.572828,N,1,-8.45586818925652,14.900388751243916,4.084498273173237,-0.337636,5517239366958299776,118.2650856736453,-49.61297718879144,130
HD  64760,07:53:18.14,-48:06:10.46,4.239999771118164,4.619716168715975,4.188200392256559,4.2147819358192935,4.1740985,N,1,-5.679106596232267,6.162858341605558,1.5287829356529452,-0.18423796,5518235833732209536,118.3256183569648,-48.10290774132125,131
 12 Pup,07:59:05.70,-23:18:37.38,5.110000133514404,4.485889050591361,4.2396750050328835,4.137100091637573,4.7839675,N,1,-11.6552746533487,2.5368781511076843,3.737798637559969,1.2391028,5699115357749939328,119.77375621890047,-23.310385258708315,132
* zet Pup,08:03:35.04,-40:00:11.33,2.25,2.5799999237060547,,,,N,1,-29.71,16.68,,,,120.89603140977576,-40.003147798268934,133
HD  67582,08:06:40.33,-45:15:57.47,5.020999908447266,4.129020057584036,3.8387579930433686,3.702290996671338,4.550747,N,1,-5.769518153173025,11.450251968021036,1.962756019139181,1.5935493,5520409190267731584,121.6680441556766,-45.265964020239466,134
* rho Pup,08:07:32.64,-24:18:15.56,2.809999942779541,2.25,,,,N,1,-82.886,46.93,,,,121.88603676458334,-24.304324429444446,135
 16 Pup,08:09:01.62,-19:14:42.18,4.39300012588501,4.826010889408785,4.388463888761063,4.4253955744989515,4.3570156,N,1,-11.105257153497616,-4.080079181830229,7.213767032709088,-0.19918394,5713807856749312512,122.25676600732773,-19.245052108300168,136
HD  68243,08:09:29.30,-47:20:42.86,4.172999858856201,4.725352820056791,4.252471460434005,4.301639055447928,4.196464,N,1,-6.243347387122676,9.474710649675217,2.6051958137295665,-0.30583763,5519266900766220800,122.37211545208515,-47.3452393935982,137
* gam02 Vel,08:09:31.95,-47:20:11.71,1.8300000429153442,2.0,,,,N,1,-6.07,10.43,,,,122.38312555977059,-47.336586329303486,138
 19 Pup,08:11:16.27,-12:55:37.05,4.71999979019165,4.2145481981227775,3.9633776631564226,3.877888497475328,4.458358,N,1,-28.17710169360641,8.827639315540317,18.274740226930877,1.0965624,5726736979617591808,122.8178102812069,-12.926959451751904,139
* h01 Pup,08:11:21.49,-39:37:06.75,,2.3399999141693115,,,,N,1,-9.072,3.211,,,,122.83955595925998,-39.61854410984,140
HD  68601,08:11:25.88,-42:59:14.12,4.75,4.838219475699773,4.482912361378512,4.414068947678867,4.683607,N,1,-5.429050966175584,4.4688834951095115,0.7272922110955039,0.36310816,5521252069013332736,122.85785441385654,-42.98725806067096,141
r Pup,08:13:29.50,-35:53:58.09,4.769999980926514,5.130257495952399,4.658515178534261,4.682352960166952,4.750914,N,1,-7.490567893066996,10.373101562072948,2.433959039382968,-0.075507164,5544672044638408832,123.37294754935456,-35.89947213282602,142
 16 Vel,08:13:34.27,-50:11:45.87,5.513999938964844,4.186986667636198,3.6914319755871015,3.5118446514157506,4.7455173,N,1,18.741912513107145,-0.1424539589228643,4.1001547134218175,2.0566611,5513506731136287744,123.39282472663638,-50.19607583600838,143
* h02 Pup,08:14:02.92,-40:20:52.32,,2.9600000381469727,,,,N,1,38.196,-70.153,,,,123.51220570344002,-40.34786713897,144
HD  73155,08:34:43.57,-49:56:38.83,5.010000228881836,4.198268556933307,3.910390642210751,3.7901038377279788,4.5791163,N,1,-13.919046862500462,18.03630476641924,2.691768513433559,1.4688809,5322904913005317888,128.6815560201254,-49.94412196707303,145
a Hya,08:40:01.38,-12:28:31.31,4.968999862670898,4.052793132605345,3.738565279717827,3.604945640214792,4.475735,N,1,-81.26893186484455,2.0297736905977843,7.746379946302304,1.5920119,5747442879511136640,130.00576107398857,-12.475365708168107,146
HD  74167,08:40:35.26,-45:11:27.89,5.6479997634887695,4.342966789468427,3.8609547334264613,3.684604253238507,4.9035635,N,1,2.6748399521716695,4.848914380245706,3.4991701853063417,2.0284026,5522296364540119936,130.14692808570348,-45.19108143093344,147
* b Vel,08:40:37.57,-46:38:55.46,,2.619999885559082,,,,N,1,-6.124,4.473,,,,130.15654669942333,-46.648740109134444,148
n Vel,08:41:13.11,-47:19:01.49,4.769999980926514,4.87146962255116,4.505832312142353,4.480741157433471,4.696814,N,1,-7.807713503171278,10.610962099212074,1.4106995265351547,0.29986715,5329412200783621120,130.3046529868285,-47.3170832661192,149
  9 Hya,08:41:43.33,-15:56:37.73,4.866000175476074,4.279792252214023,4.029987337166718,3.927705387342952,4.5714664,N,1,3.416228712706376,-96.8036964742288,15.707683346378117,1.2111588,5710178952977568000,130.4305831520658,-15.943815593141688,150
HD  74560,08:42:25.34,-53:06:49.96,4.815000057220459,5.266200256950562,4.841458293804899,4.8813832564109445,4.8141437,N,1,-24.545205373426008,23.53169053039796,6.650692081253478,-0.22378635,5318486456810851072,130.60559576604757,-53.11387968643011,151
HD  75306,08:48:14.59,-28:38:19.79,6.489999771118164,4.20405449343027,3.040677679581517,2.7699272817659413,4.8967314,N,1,-20.07378107212963,-8.717823776102485,4.367489114892036,3.2001128,5642776240199795584,132.0608313084872,-28.63883143776042,152
* gam Pyx,08:50:31.92,-27:42:35.42,,2.390000104904175,,,,N,1,-133.185,86.297,,,,132.63301083315085,-27.70984159252084,153
* c Vel,09:04:09.27,-47:05:51.84,,2.3299999237060547,,,,N,1,-47.862,-8.973,,,,136.03866521203622,-47.097735077495564,154
* lam Vel,09:07:59.75,-43:25:57.32,2.2100000381469727,0.029999999329447746,,,,N,1,-24.01,13.52,,,,136.99899113791412,-43.432590908860746,155
* kap Pyx,09:08:02.87,-25:51:30.73,,2.4200000762939453,,,,N,1,34.972,0.197,,,,137.01199942675,-25.85853788063,156
HD  79186,09:11:04.38,-44:52:04.37,5.0,4.973253542808166,4.653408531763575,4.617645799126346,4.876352,N,1,-5.664965160652944,4.3479147579748565,0.5934892999260477,0.39040375,5330765974462198784,137.768289864662,-44.86788305060216,157
HD  80108,09:16:23.03,-44:15:56.54,5.093999862670898,3.9854075867932224,3.607809124616022,3.462705436659027,4.4766154,N,1,-2.980005720078482,5.649839166161401,1.458844801539999,1.8440256,5423960064637139200,139.09596184932082,-44.265706988386576,158
CCDM J09198-1159AB,09:19:46.35,-11:58:29.27,4.769999980926514,4.280532750448415,4.030526373312528,3.9426836713965905,4.520355,N,1,-27.970136311652873,12.399600130181598,9.451398159796312,1.0834901,5738958360595725312,139.9431298177414,-11.974797638401844,159
* tet Pyx,09:21:29.59,-25:57:55.58,,2.240000009536743,,,,N,1,-12.86,-9.792,,,,140.37329296116,-25.96544062992,160
HD  81034,09:21:51.07,-42:11:42.29,5.572000026702881,4.112088294132114,3.525121392420952,3.328466128566565,4.7064133,N,1,59.95190316557195,-49.64637234109608,5.051848052639698,2.2111723,5424573351607727744,140.46280482578462,-42.19508088193896,161
lam Pyx,09:23:12.09,-28:50:01.53,4.679999828338623,4.230442636741714,3.9681086028131762,3.8786685794722437,4.4627023,N,1,-126.91272150022807,23.11574679080668,17.072621175688152,1.0782287,5636377945815560192,140.80039902026272,-28.833758615992597,162
* eps Ant,09:29:14.71,-35:57:04.81,,2.740000009536743,,,,N,1,-24.844,5.72,,,,142.31133167344,-35.95133743857333,163
HD  82734,09:33:12.43,-21:06:56.35,5.002999782562256,4.491356112233369,4.257942974492101,4.168856112830326,4.752573,N,1,-20.45810591171893,15.36454261421981,8.812454653360707,1.13556,5676911545051183872,143.30181861753277,-21.115655045302205,164
HD  83058,09:34:08.77,-51:15:18.84,5.03000020980835,5.452598203323454,5.014763822956173,5.0402928256655155,4.9602942,N,1,-8.622000202084944,6.8477087079780325,2.85734527623412,-0.26260138,5312887640522116992,143.5365782367102,-51.25523570872589,165
HD  83446,09:36:49.32,-49:21:17.40,4.349999904632568,4.497657280528706,4.158706537343223,4.1445594304974005,4.2990227,N,1,-128.82238781044174,43.13973513041832,30.631907201506795,0.23794603,5409223585178017152,144.20553417462855,-49.35483376770194,166
* ups01 Hya,09:51:28.67,-14:50:47.86,,2.950000047683716,,,,N,1,31.037,-26.862,,,,147.86947907884206,-14.846628713346947,167
HD  88206,10:08:56.21,-51:48:40.53,4.84499979019165,5.231109629731314,4.804992112718814,4.801457522077028,4.7994413,N,1,-15.55647166837393,0.6666688355166477,2.0767494184080415,-0.14455938,5356991663260068480,152.23421986888698,-51.81125879311411,168
* lam Hya,10:10:35.28,-12:21:14.85,,2.359999895095825,,,,N,1,-217.433,-74.373,,,,152.6470357548103,-12.3541274788236,169
HD  89062,10:15:31.59,-43:06:45.39,5.560999870300293,4.524631946226059,4.179070167511382,4.027011374561225,4.999767,N,1,21.95533851631056,-54.17467256789706,6.037673270725774,1.7359109,5416714660964273536,153.88162920132132,-43.112610602118686,170
HD  89273,10:16:40.06,-51:12:16.51,6.300000190734863,4.091016098315059,3.0072883550988294,2.67844677647696,4.7541423,N,1,-40.971113690358806,11.55049554171142,5.1126735435775545,3.0313478,5358392578511815168,154.1669357333221,-51.20458615375942,171
HD  89736,10:20:16.70,-47:41:56.65,5.613999843597412,4.4698122443369,4.081170163109349,3.9192129157802595,4.978791,N,1,-9.072944945760208,4.11739847737508,1.2399176682790156,1.8781228,5365315790907090944,155.0695882731303,-47.69907220034903,172
* mu. Hya,10:26:05.42,-16:50:10.63,,1.8700000047683716,,,,N,1,-128.819,-80.185,,,,156.52260893978251,-16.836288604756664,173
* alf Ant,10:27:09.10,-31:04:04.00,,2.359999895095825,,,,N,1,-81.32,9.798,,,,156.7879193306,-31.06777913925,174
HD  91793,10:35:12.80,-39:33:45.28,5.380000114440918,3.5709700913177613,2.9945517745417023,2.589163734191538,4.187924,N,1,-31.50418944445077,2.619350215423322,3.615400338921408,2.7919967,5440991156144997504,158.80336427160702,-39.56257836426491,175
V* U Ant,10:35:12.85,-39:33:45.32,,1.8600000143051147,,,,N,1,-31.504,2.619,,,,158.80354589478,-39.56259000568,176
V* U Hya,10:37:33.27,-13:23:04.35,,1.7799999713897705,,,,N,1,42.59,-37.72,,,,159.38863730625002,-13.384542478611111,177
* mu. Vel A,10:46:46.18,-49:25:12.93,2.700000047683716,,,,,N,1,74.2,-54.9,,,,161.69244928333333,-49.42026028888888,178
* nu. Hya,10:49:37.48,-16:11:37.12,,1.5299999713897705,,,,N,1,92.912,199.642,,,,162.4062010556029,-16.193647060365556,179
iot Ant,10:56:43.15,-37:08:17.95,4.599999904632568,4.047425950940742,3.7952330679719832,3.6852734149532367,4.3193483,N,1,74.06869347830126,-124.44348059039184,15.713189973044852,1.1788831,5394951821153092864,164.17979302441142,-37.13832049306377,180
* alf Crt,10:59:46.46,-18:17:55.63,,2.7200000286102295,,,,N,1,-462.303,128.614,,,,164.94360481576166,-18.298786220615558,181
i Vel,11:00:09.29,-42:13:33.02,4.389999866485596,4.565237328334312,4.203556550178689,4.198759162791287,4.33338,N,1,23.076576923795624,3.9416203258658338,16.201123245797707,0.18134356,5389799921983524864,165.03873936400242,-42.22584092354663,182
bet Crt,11:11:39.48,-22:49:34.69,4.448999881744385,4.7329103746202605,4.350053454734342,4.360661080102776,4.4335775,N,1,7.826661668910445,-102.911261351755,10.304259120526218,0.0686183,3537996837843690496,167.914532393726,-22.826305431721114,183
* del Crt,11:19:20.44,-14:46:42.74,,2.130000114440918,,,,N,1,-122.958,207.083,,,,169.83519729807168,-14.778539835960277,184
HD  99322,11:25:29.31,-36:03:46.73,5.218999862670898,4.700976170257363,4.465636856436489,4.372158420920571,4.968951,N,1,-106.92522241820728,18.06367485529084,12.436274576835286,1.1421404,5398114596413589120,171.37213514928888,-36.06298166134216,185
HD 100378,11:32:47.97,-40:26:09.36,5.638999938964844,4.335220643176392,3.8431495709142585,3.6569516216112934,4.875956,N,1,-75.77070764830671,58.704323599082656,5.697196348472223,2.0142438,5384410837537766784,173.19990023735218,-40.43593344322096,186
 18 Crt,11:32:54.09,-31:05:13.90,5.110000133514404,3.844551753816681,3.3469774769322216,3.174909336326647,4.388352,N,1,-29.49980559642989,6.543141524914832,7.797225923022654,1.9967401,3481856770562333184,173.2253831535227,-31.08719631902633,187
*  18 Crt,11:32:54.12,-31:05:14.01,,2.759999990463257,,,,N,1,-29.5,6.543,,,,173.22553625177,-31.08722539965,188
omi Hya,11:40:12.73,-34:44:40.79,4.699999809265137,5.047529699971399,4.656729922367303,4.6677991536626084,4.6677394,N,1,-43.73784759352733,-1.363740480794729,7.086376547448498,-0.050798893,3476926526063978624,175.0530530705465,-34.74466439484148,189
LHS   311,11:46:28.92,-40:29:54.83,4.880000114440918,4.5565918388353595,4.2860881536182385,4.216411588567168,4.701676,N,1,-1530.9705104799332,403.2865748639044,107.3024338562276,0.85635567,5381537023379295232,176.62052057636615,-40.498565145629904,190
* B Cen,11:51:08.69,-45:10:24.49,,2.8499999046325684,,,,N,1,-72.928,-7.964,,,,177.78621333642,-45.17346991659001,191
* del Cen,12:08:21.49,-50:43:20.73,2.5199999809265137,2.619999885559082,,,,N,1,-42.613,-11.135,,,,182.08957348875,-50.722427392777774,192
* eps Crv,12:10:07.48,-22:37:11.16,2.9800000190734863,1.409999966621399,,,,N,1,-72.019,10.637,,,,182.53116909374998,-22.6197672175,193
* gam Crv,12:15:48.37,-17:32:30.94,2.5799999237060547,2.7100000381469727,,,,N,1,-158.61,21.86,,,,183.9515450373768,-17.541930457603193,194
* del Crv,12:29:51.85,-16:30:55.55,2.940000057220459,,,,,N,1,-209.276,-139.184,,,,187.46606318416664,-16.515431261666667,195
* bet Crv,12:34:23.23,-23:23:48.33,2.640000104904175,1.590000033378601,,,,N,1,1.116,-56.704,,,,188.59681217680622,-23.39676021620222,196
CCDM J12393-0800A,12:39:14.68,-07:59:44.42,4.64300012588501,3.963770127220549,3.7017602362683393,3.6101524997217735,4.300346,N,1,-77.2228547604842,-24.40891145385895,10.352648623779038,1.3487484,3676091134604409728,189.8111824278454,-7.9956734410311885,197
* gam Cen B,12:41:31.01,-48:57:34.47,2.880000114440918,,,,,N,1,-193.6,-11.6,,,,190.37923070833335,-48.959576850000005,198
* gam Cen A,12:41:31.03,-48:57:35.68,2.819999933242798,,,,,N,1,-193.6,-11.6,,,,190.37930732083333,-48.95991231666667,199
* e Cen,12:53:06.90,-48:56:35.92,,2.5999999046325684,,,,N,1,-79.45,-24.729,,,,193.27877637169166,-48.94331288258333,200
HD 112213,12:55:19.37,-42:54:56.83,5.445000171661377,4.1149923857521244,3.635869168048737,3.455140972745756,4.662756,N,1,-38.063196987212734,-12.426704540981149,4.54821420133139,2.0463276,6138676741904648448,193.83073483578056,-42.91578843981604,201
f Cen,13:06:16.65,-48:27:48.09,4.690999984741211,5.124442525207996,4.699995649714381,4.73586726732991,4.6672645,N,1,-29.55805627503883,-15.692271824608934,8.159218297010217,-0.19635725,6085229378603010688,196.5694004868272,-48.463360446028624,202
HD 113791,13:06:54.59,-49:54:22.69,4.269999980926514,4.729046262343651,4.268543191098703,4.305928188722262,4.224331,N,1,-27.11829090482098,-12.808219160719034,6.796192761993987,-0.26680326,6081542475600377472,196.72747704035424,-49.906303345686254,203
 49 Vir,13:07:53.83,-10:44:25.63,5.151000022888184,4.5011195063680205,4.246645881468284,4.140205749806258,4.8242455,N,1,16.629270285209362,-10.19175132304048,11.149814361679672,1.2771497,3622819624439843072,196.97429552210073,-10.740454000641543,204
psi Hya,13:09:03.24,-23:07:05.69,4.934000015258789,4.372000278632662,4.1299802817159,4.040369926596325,4.6528893,N,1,-20.533030854814697,-46.13052071490708,14.029564151878592,1.1845715,3504044777770340096,197.2635090052335,-23.118248890279386,205
LTT  5087,13:15:59.11,-19:56:37.00,5.21999979019165,4.641414620509487,4.394564521998343,4.290914710531777,4.9260554,N,1,304.27770740950535,-114.93150503190924,26.687613753364285,1.1943636,3507322593731193728,198.9963172374498,-19.943611174674064,206
r Cen,13:16:53.17,-31:30:23.09,5.110000133514404,4.599724700882817,4.345341610697907,4.258545318315936,4.853926,N,1,34.47549903496358,-48.14589668497866,12.597428979938506,1.1061249,6181513577482286336,199.2215625522365,-31.50641525729194,207
LHS   349,13:18:23.11,-18:18:57.31,4.739999771118164,4.376079151108726,4.105758642122003,4.033097062936138,4.5325284,N,1,-1070.2015735200084,-1063.8486605375715,117.1726460991387,0.898438,3507879565090229888,199.596298132351,-18.31592210064546,208
* gam Hya,13:18:55.29,-23:10:17.45,,1.9299999475479126,,,,N,1,67.956,-44.299,,,,199.73040703832623,-23.171514006915,209
* iot Cen,13:20:35.81,-36:42:44.29,2.7300000190734863,2.690000057220459,,,,N,1,-339.615,-82.181,,,,200.14922006503957,-36.712304581225,210
* alf Vir,13:25:11.57,-11:09:40.75,0.9700000286102295,1.2999999523162842,,,,N,1,-42.35,-30.67,,,,201.2982473615632,-11.161319485111932,211
 69 Vir,13:27:27.02,-15:58:24.55,4.75,4.1755269337261325,3.9288024189002275,3.832632019890129,4.4660563,N,1,-121.5657461641688,20.434911317911713,12.0127482033267,1.2065699,3604865252393354112,201.86262149636423,-15.973488519071648,212
V* R Hya,13:29:42.78,-23:16:52.75,,-0.15000000596046448,,,,N,1,-54.213,11.794,,,,202.42825066102745,-23.28131989694222,213
* l Vir,13:31:57.88,-06:15:20.94,,2.069999933242798,,,,N,1,-103.703,-45.392,,,,202.99118605499538,-6.255817660835833,214
* eps Cen,13:39:53.25,-53:27:59.00,2.299999952316284,2.700000047683716,,,,N,1,-15.3,-11.72,,,,204.97190723090242,-53.466391146088995,215
HD 119971,13:47:38.30,-50:19:14.48,5.446000099182129,4.544079739669002,4.239335875814863,4.086919624640801,4.9663877,N,1,-141.15346046599862,-0.6205211927115908,5.313302625250323,1.5755038,6069649917314597504,206.90959648577856,-50.32069117979937,216
* g Cen,13:49:26.72,-34:27:02.78,,0.1899999976158142,,,,N,1,-45.332,-60.067,,,,207.3613413833062,-34.45077353097945,217
 89 Vir,13:49:52.16,-18:08:03.62,4.959000110626221,4.390829350966484,4.1426983227821,4.047660750377724,4.675496,N,1,-100.68120966245236,-38.2426398217811,14.126838607226071,1.1965127,6294168164474202112,207.46737454105764,-18.134339219019612,218
* zet Cen,13:55:32.38,-47:17:18.14,2.549999952316284,2.890000104904175,,,,N,1,-57.37,-44.55,,,,208.88494019857197,-47.28837451101241,219
* pi. Hya,14:06:22.29,-26:40:56.50,,1.850000023841858,,,,N,1,43.381,-140.951,,,,211.59290834800288,-26.68236157673806,220
* tet Cen,14:06:40.94,-36:22:11.83,2.049999952316284,0.7599999904632568,,,,N,1,-520.53,-518.06,,,,211.670614682339,-36.369954742511496,221
HD 123569,14:09:54.55,-53:26:21.66,4.736000061035156,4.233870992447052,4.007410853257279,3.915098520314076,4.4826813,N,1,-145.13618799956552,-91.06429208993944,18.22532413925756,1.107548,5896820467691187968,212.47730977943647,-53.439350525474744,222
* kap Vir,14:12:53.74,-10:16:25.33,,2.390000104904175,,,,N,1,6.674,138.987,,,,213.2239368859575,-10.273703461482222,223
* eta Cen,14:35:30.42,-42:09:28.17,2.309999942779541,2.5899999141693115,,,,N,1,-34.73,-32.72,,,,218.8767673375,-42.15782521722222,224
HD 128068,14:36:18.98,-46:14:43.34,5.550000190734863,4.5537789978329855,4.249384946082946,4.090642969147121,4.9996457,N,1,-31.247339017209853,17.232810937632557,4.698888101764983,1.6692824,6098305973471310080,219.0790951079404,-46.245374279721005,225
rho Lup,14:37:53.17,-49:25:33.44,4.050000190734863,4.4700927837194655,3.998990419184527,4.082789909965737,4.0019474,N,1,-28.920705992925228,-29.21325067247681,9.348441614642455,-0.19072032,5899408305748518528,219.47157805264095,-49.42595812350064,226
* alf Lup,14:41:55.75,-47:23:17.51,2.2860000133514404,,,,,N,1,-20.94,-23.67,,,,220.4823157775,-47.38819874611111,227
b Lup,14:47:01.26,-52:23:01.97,5.21999979019165,4.689380991210712,4.453493051748843,4.355835127699995,4.9605865,N,1,-17.2870804792493,-82.27496532223863,12.442023750255936,1.1416783,5895083892166190976,221.7552643781173,-52.38388292857648,228
* E Hya,14:50:17.30,-27:57:37.30,,2.569999933242798,,,,N,1,-238.58,-62.451,,,,222.57211788284,-27.960361231049998,229
* alf02 Lib,14:50:52.71,-16:02:30.39,2.75,2.569999933242798,,,,N,1,-105.68,-68.4,,,,222.7196378915803,-16.041776519834446,230
* bet Lup,14:58:31.92,-43:08:02.26,2.680000066757202,2.950000047683716,,,,N,1,-35.78,-39.83,,,,224.63302234983436,-43.13396384896446,231
* sig Lib,15:04:04.21,-25:16:55.09,,0.33000001311302185,,,,N,1,-73.484,-42.632,,,,226.0175617057,-25.28196957961,232
* bet Lib,15:17:00.41,-09:22:58.49,2.619999885559082,2.759999990463257,,,,N,1,-98.1,-19.65,,,,229.25172424914246,-9.382914410334685,233
* f Lup,15:17:49.83,-30:08:55.19,,2.9600000381469727,,,,N,1,-10.266,-11.126,,,,229.45765656610584,-30.14866646634111,234
HD 137709,15:29:24.25,-46:43:57.82,5.2220001220703125,4.0262203903618925,3.6273921816697747,3.4703713913130425,4.54036,N,1,-7.184771450781034,-5.698071280122046,1.518635209339361,1.914669,5998976093037660416,232.3510780987476,-46.73273050452892,235
HD 138505,15:34:01.65,-40:03:59.71,5.820000171661377,4.198684624071667,3.501609538543496,3.2944524956365697,4.825293,N,1,-39.39585457746803,-34.612788642495815,3.2874693723519623,2.3895001,6003160147085887872,233.5068866727224,-40.06658669419209,236
CD-44 10239A,15:35:53.21,-44:57:30.53,4.708000183105469,5.191798397588947,4.773321796507036,4.801171979855868,4.680546,N,1,-20.79438360783701,-20.79425869654757,6.8459509593973475,-0.24888992,6001046782644084736,233.97173763292383,-44.958481101484,237
HD 138816,15:36:12.03,-44:23:49.47,5.434000015258789,4.427061475841576,4.09315220504963,3.9518516839229134,4.886434,N,1,-45.069729798703264,-56.33899032912552,5.782810267582467,1.6886973,6001075885364398592,234.0501336066563,-44.39707667052472,238
* ome Lup,15:38:03.20,-42:34:02.40,,2.569999933242798,,,,N,1,-153.157,55.969,,,,234.5133623464971,-42.56733568869945,239
  3 Lup,15:39:45.98,-34:24:43.09,4.660999774932861,4.115351371930863,3.851695135138212,3.754669101871257,4.385198,N,1,6.104513240847682,-11.25053307175027,14.731655392285658,1.1544938,6013425703029987712,234.94161333458936,-34.41197080109512,240
LTT  6256,15:41:11.12,-44:39:44.60,4.632999897003174,4.522347870342379,4.211853307883614,4.169330614285724,4.5205355,N,1,-169.10565112984054,-266.39145844308257,57.475860390190874,0.57149744,5989102478619519616,235.2963466961976,-44.6623899936602,241
* kap Lib,15:41:56.79,-19:40:43.65,,2.5,,,,N,1,-35.256,-111.519,,,,235.48663508477,-19.67879299614,242
h Lup,15:42:38.25,-37:25:30.05,5.239999771118164,4.685461550051123,4.431724150322072,4.340391372187623,4.9605885,N,1,-48.87973077512457,-17.283848587923522,12.190686591089085,1.1630826,6009789205765529472,235.659378537918,-37.42501602966371,243
* tet Lib,15:53:49.53,-16:43:45.46,,2.9200000762939453,,,,N,1,99.453,134.442,,,,238.4564080092892,-16.729297046860832,244
* pi. Sco,15:58:51.11,-26:06:50.78,2.9100000858306885,,,,,N,1,-11.42,-26.83,,,,239.71297182416666,-26.114107945,245
* del Sco,16:00:20.00,-22:37:18.14,2.319999933242798,2.490000009536743,,,,N,1,-10.21,-35.41,,,,240.08335534565887,-22.621706426005783,246
HD 143787,16:03:20.54,-25:51:55.48,4.966000080108643,4.211193825690586,3.957180734474953,3.8363047743770977,4.5704613,N,1,-67.83948031618938,-38.15354054175556,14.953208987595836,1.4009781,6043646879640103936,240.8355946975947,-25.86541214189879,247
* bet01 Sco,16:05:26.23,-19:48:19.63,2.619999885559082,2.690000057220459,,,,N,1,-5.2,-24.04,,,,241.3592999275,-19.805452782777778,248
HD 145250,16:11:01.96,-29:24:59.78,5.1020002365112305,4.412954447894855,4.156161282570915,4.030007490473327,4.748892,N,1,-88.14848614570785,-87.56815280895039,11.512418141850572,1.3200483,6038711824776083712,242.7581681726663,-29.41660788476232,249
 13 Sco,16:12:18.18,-27:55:35.34,4.567999839782715,4.998382725420356,4.5581497557800565,4.581939654541324,4.5251393,N,1,-12.262251866483744,-24.25248685468492,6.784806145380784,-0.21075535,6042226413691523712,243.0757908886152,-27.92648370151184,250
* gam02 Nor,16:19:50.42,-50:09:19.82,,2.6600000858306885,,,,N,1,-159.666,-51.94,,,,244.96009294998038,-50.15550599744805,251
* omi Sco,16:20:38.17,-24:10:09.49,,2.930000066757202,,,,N,1,-2.351,-22.529,,,,245.15905738420497,-24.16930429935139,252
* sig Sco,16:21:11.31,-25:35:34.05,2.890000104904175,1.5800000429153442,,,,N,1,-10.6,-16.28,,,,245.29714880583333,-25.592792076666665,253
eps Nor,16:27:11.02,-47:33:17.58,4.520999908447266,4.881215264094159,4.4465687330266865,4.469353130372283,4.4848747,N,1,-12.04872921189692,-20.277820468465563,5.239008490286231,-0.08110857,5942012246713512704,246.7959273667639,-47.55488377313997,254
* alf Sco,16:29:24.45,-26:25:55.20,0.9100000262260437,-1.8700000047683716,,,,N,1,-12.11,-23.3,,,,247.3519154198264,-26.432002611950832,255
HD 149038,16:34:05.02,-44:02:43.16,4.940000057220459,5.040069544672839,4.680483995032924,4.66864812791246,4.8155746,N,1,0.86460910598748,-2.984915183167498,1.096695251926267,0.15704489,5944296074139193984,248.5209193617997,-44.04532454516372,256
* tau Sco,16:35:52.95,-28:12:57.66,2.809999942779541,,,,,N,1,-9.89,-22.83,,,,248.97063688749995,-28.2160170875,257
* zet Oph,16:37:09.54,-10:34:01.50,2.559999942779541,2.5,,,,N,1,10.465,24.742,,,,249.2897502448742,-10.56708603964,258
 24 Sco,16:41:34.35,-17:44:31.82,4.922999858856201,4.244659392483356,3.963288490114742,3.844314503695802,4.572637,N,1,-21.144888931819384,-1.571602478195317,8.481791471350974,1.3077083,4131941783535773568,250.39316595282335,-17.742173535515366,259
* eps Sco,16:50:09.81,-34:17:35.63,2.2899999618530273,0.8299999833106995,,,,N,1,-614.85,-255.98,,,,252.54087838625,-34.29323159305555,260
* mu.01 Sco,16:51:52.22,-38:02:50.63,2.9800000190734863,,,,,N,1,-10.451,-18.315,,,,252.96761814529,-38.04739946400001,261
HD 152161,16:53:42.40,-43:03:04.01,6.059999942779541,3.770870427317007,2.659024804798224,2.3553398395906715,4.462919,N,1,-16.36238871633102,-32.69357153472133,4.267423732736172,3.0496778,5964806394061262976,253.4266679331016,-43.05111433148434,262
HD 152236,16:53:59.72,-42:21:43.36,4.789999961853027,4.4192567700019865,4.117520179961715,4.015259397403969,4.526421,N,1,-0.093942019033145,-3.368495479442938,0.5855000591336458,0.80834913,5964986649547042944,253.4988624828109,-42.36204478621972,263
 27 Sco,16:57:11.18,-33:15:34.32,5.489999771118164,4.294943817607056,3.8810315178298858,3.7146317261097312,4.7925477,N,1,4.571713806960957,-9.29136329251662,5.235492815228741,1.8798747,6026503569318918400,254.29658601539947,-33.259533583166295,264
HD 153336,16:59:57.71,-25:05:32.17,5.860000133514404,4.399239624713111,3.808218495364698,3.6166332491763855,4.9917355,N,1,5.211070561428658,-15.89957782419748,6.048476014070639,2.2049365,4112977922408078848,254.99047156795936,-25.09227017963234,265
k Sco,17:04:49.35,-34:07:22.57,4.869999885559082,4.8173270230604075,4.479889299947785,4.435868768100767,4.7359853,N,1,1.2715865226334515,-2.048958886023615,0.9234913233101671,0.43023682,5978207447948294016,256.2056387304741,-34.122937351033436,266
HD 155035,17:11:38.69,-48:52:24.30,5.980000019073486,4.182249441608981,3.4484829426910037,3.205244185199761,4.8164563,N,1,7.599982009655235,-6.378424245530972,2.244393531811136,2.5137718,5926655956260736640,257.91124326574663,-48.87341861182126,267
* eta Sco,17:12:09.19,-43:14:21.08,,2.7699999809265137,,,,N,1,21.616,-287.978,,,,258.0383087285559,-43.239189530951116,268
LHS   437,17:15:20.18,-26:36:24.50,5.079999923706055,4.595452274172125,4.351119635102612,4.2633008206110725,4.831335,N,1,-498.6001998992269,-1149.1581425021811,168.003078856296,1.0583043,4109030160308320128,258.83412017812816,-26.606806615399403,269
LHS   438,17:15:20.42,-26:36:28.43,5.03000020980835,4.5933404686209585,4.3469210362167745,4.259594500571709,4.828591,N,1,-465.86077428732233,-1141.1676949906755,168.13027793748972,1.0597496,4109030160308317312,258.83511696459266,-26.60789783205067,270
 53 Ser,17:20:49.71,-12:50:48.72,4.323999881744385,4.585002711982547,4.212751590200607,4.223167094130863,4.2963223,N,1,44.861511212843126,1.5055923664256758,15.979505765352084,0.077516556,4141650196336522752,260.20712853781777,-12.846869374874109,271
 43 Oph,17:23:21.59,-28:08:34.68,5.288000106811523,4.208886471948816,3.8407281327790797,3.6850097045437016,4.67406,N,1,1.096507898695852,-30.51125680168359,6.157228472667152,1.7777252,4059847665200332544,260.8399675211914,-28.142969148813428,272
kap Ara,17:26:00.06,-50:38:00.50,5.192999839782715,4.5968934178617715,4.343668499761508,4.239024092313505,4.901598,N,1,13.004336880934892,7.5537788111602175,7.586185411584672,1.2293682,5925327333882816256,261.50027082475435,-50.633473043874986,273
* ups Sco,17:30:45.83,-37:17:44.92,2.6500000953674316,,,,,N,1,-2.37,-30.09,,,,262.6909880116666,-37.295813475277775,274
c Oph,17:31:24.95,-23:57:45.92,4.809999942779541,5.039376952668327,4.683059117083947,4.6185177342686154,4.746484,N,1,0.8600365478219112,-25.626626403364696,7.953774305548008,0.08898258,4110602530665608064,262.8539786454766,-23.962756896863063,275
* alf Ara,17:31:50.49,-49:52:34.12,2.950000047683716,,,,,N,1,-33.27,-67.22,,,,262.9603813675,-49.87614501138889,276
* lam Sco,17:33:36.52,-37:06:13.76,1.6299999952316284,,,,,N,1,-8.53,-30.8,,,,263.40216718438023,-37.10382355111976,277
sig Ara,17:35:39.55,-46:30:21.09,4.590000152587891,4.866135339804103,4.4539784923294885,4.4702829408362685,4.523951,N,1,-25.046482012974977,-39.4304509760926,8.528491549597454,0.024634838,5949068676156098944,263.91480225423027,-46.505859649613626,278
* tet Sco,17:37:19.12,-42:59:52.18,1.850000023841858,,,,,N,1,5.54,-3.12,,,,264.3297077207907,-42.99782799333082,279
NLTT 45187,17:40:23.99,-49:24:58.91,4.769999980926514,4.624537208854015,4.3336199222719385,4.269024712339815,4.6307707,N,1,103.68534600810366,-175.95641378737966,47.70449668181444,0.58799124,5946685759563224960,265.0999815874886,-49.41636516024904,280
omi Ser,17:41:24.79,-12:52:31.98,4.228000164031982,4.458654391198827,4.092594075327979,4.094228998187894,4.2055626,N,1,-72.44790281993733,-55.32045741229644,20.466459696134443,0.14438915,4161585441691080448,265.35330605241717,-12.875551136885944,281
* kap Sco,17:42:29.27,-39:01:47.93,2.385999917984009,,,,,N,1,-6.05,-25.54,,,,265.62198000035505,-39.02998307638737,282
HD 160668,17:42:51.10,-36:56:44.39,5.519999980926514,4.431288482189608,4.066757648618965,3.9186917734162927,4.918717,N,1,7.724528782108312,-22.930944371593085,5.329692828855103,1.7806177,4040860954806699264,265.7129489219902,-36.945664339747125,283
 58 Oph,17:43:25.68,-21:41:00.21,4.861000061035156,4.689699826986988,4.402803776471398,4.34750095336665,4.7305098,N,1,-97.25257596448584,-44.61396749521905,58.2436975539037,0.63404465,4117290138348536064,265.85700792887656,-21.683392427381285,284
* iot01 Sco,17:47:35.07,-40:07:37.19,2.992000102996826,,,,,N,1,0.005,-5.396,,,,266.89616445956506,-40.12699736232806,285
HD 161840,17:49:10.48,-31:42:11.69,4.796999931335449,5.082764307703677,4.6906788117889,4.710123039260847,4.7556486,N,1,5.506076180038201,-9.467591769307482,5.85269865742515,0.01610756,4055612002737545216,267.29368378830833,-31.703248365574996,286
HD 161912,17:50:11.11,-40:05:25.58,4.802999973297119,4.764979321421336,4.4273767438956195,4.350623916316243,4.686216,N,1,2.686059624697405,-2.1172521067672476,0.8147793941012971,0.4980111,5957938608303888896,267.5463147469851,-40.09044123077515,287
* nu. Oph,17:59:01.59,-09:46:25.08,,2.1600000858306885,,,,N,1,-7.707,-116.38,,,,269.7566342235884,-9.773633604669445,288
,17:59:05.28,-30:15:11.02,,3.723366913015574,3.1639270972526328,2.9794955684908846,4.3048916,N,1,3.0505576760574646,-8.53999217091155,1.3150938995532506,2.1921153,4044222883404244736,269.7720187345046,-30.253062691826745,289
* gam02 Sgr,18:05:48.48,-30:25:26.72,2.990000009536743,1.75,,,,N,1,-48.839,-204.86,,,,271.45203374499994,-30.424089849444446,290
V* VX Sgr,18:08:04.04,-22:13:26.60,,2.109999895095825,,,,N,1,1.399,-1.066,,,,272.01685116281,-22.22405580529,291
* eta Sgr,18:17:37.63,-36:45:42.08,,0.23000000417232513,,,,N,1,-131.804,-166.309,,,,274.40682166227543,-36.76169016455027,292
* del Sgr,18:20:59.64,-29:49:41.16,2.6679999828338623,,,,,N,1,33.212,-27.361,,,,275.24851205687213,-29.828102262591386,293
* eps Sgr,18:24:10.31,-34:23:04.61,1.809999942779541,,,,,N,1,-39.42,-124.2,,,,276.0429933505963,-34.38461648586744,294
HD 170465,18:31:45.42,-45:54:53.74,4.920000076293945,5.303798226975793,4.8862751647471,4.9094944911197045,4.8899994,N,1,-3.4193977690012445,-26.36870771046085,5.063785066902656,-0.12432814,6708611446026198528,277.9392831685411,-45.914929694524574,295
* alf Sct,18:35:12.42,-08:14:38.65,,2.180000066757202,,,,N,1,-18.006,-313.989,,,,278.8017798215825,-8.24407051095861,296
 32 Sgr,18:54:10.18,-22:44:41.55,4.84499979019165,3.968245010111744,3.69974644767432,3.5733158375213527,4.383552,N,1,3.918721870995809,-8.09151988837181,1.838721922641737,1.5468392,4075705783885296640,283.5424275644015,-22.74487557817089,297
* ksi02 Sgr,18:57:43.80,-21:06:23.96,,2.119999885559082,,,,N,1,33.52,-13.552,,,,284.4325007886946,-21.1066575942875,298
lam Tel,18:58:27.79,-52:56:19.19,4.8379998207092285,5.182671424438638,4.783698012626045,4.803570233115622,4.819884,N,1,13.3651722720336,-8.805051692758942,6.611702323682628,-0.033337116,6656678453823573888,284.61580213038343,-52.93866663118432,299
* i Aql,19:01:40.82,-05:44:20.72,,2.690000057220459,,,,N,1,-22.592,-43.08,,,,285.420120295185,-5.739089504799445,300
* omi Sgr,19:04:40.98,-21:44:29.38,,2.5199999809265137,,,,N,1,77.445,-58.46,,,,286.17075850011827,-21.741495958675554,301
* tau Sgr,19:06:56.40,-27:40:13.49,,1.850000023841858,,,,N,1,-53.001,-253.304,,,,286.73501297132,-27.67041563722,302
* c Sgr,20:02:39.48,-27:42:35.43,,1.149999976158142,,,,N,1,32.777,14.3,,,,300.6645021138671,-27.709844346463058,303
* alf02 Cap,20:18:03.25,-12:32:41.46,,2.4200000762939453,,,,N,1,61.212,2.412,,,,304.5135649821425,-12.544852120195275,304
sig Cap,20:19:23.60,-19:07:06.86,5.264999866485596,4.4128405717468056,4.127699373940232,4.0079711769820205,4.824424,N,1,5.034269864113311,-10.825435778049076,3.444795969592617,1.5358272,6860553954296642176,304.8483748646458,-19.11857349679107,305
* bet01 Cap,20:21:00.66,-14:46:53.06,,2.0299999713897705,,,,N,1,44.133,0.36,,,,305.25277749238,-14.78140760208,306
HD 195569,20:33:55.08,-44:30:58.32,5.118000030517578,4.578822219721012,4.327988708718974,4.230008237897924,4.8498907,N,1,11.56045447470793,-35.35506656042434,12.936068570234816,1.1577353,6675723472684914560,308.47954110885985,-44.51620275312119,307
ups Cap,20:40:02.91,-18:08:19.52,5.099999904632568,3.720755481649931,3.1658552239143614,2.963667907226805,4.2984753,N,1,-22.764136716673914,-22.16961845509853,5.171924705502732,2.1454346,6861481701590665984,310.0121615926549,-18.138755944055166,308
eta Ind,20:44:02.60,-51:55:16.36,4.494999885559082,4.547317161623312,4.240013386134276,4.20600937269227,4.435362,N,1,156.66287256356512,-54.64446797688421,41.33567011420478,0.38055897,6471630024096107008,311.01085387228005,-51.921213220706434,309
* k Aqr,20:47:44.23,-05:01:39.72,,1.659999966621399,,,,N,1,0.423,-40.204,,,,311.9343269618446,-5.027701147756111,310
zet Ind,20:49:29.02,-46:13:36.15,4.881999969482422,3.830697512650765,3.475286488369303,3.3277551353773287,4.3030252,N,1,39.43246994786403,26.20424864595763,7.249722037968484,1.7461042,6482637342379564416,312.37093069373157,-46.226710517266035,311
iot Ind,20:51:30.05,-51:36:29.52,5.044000148773193,4.418542380481277,4.170993019525183,4.054155562253185,4.7332306,N,1,0.869915835907562,-5.176725784666575,6.544447402942733,1.274838,6477431326619860224,312.8752186433054,-51.60820158364423,312
* ome Cap,20:51:49.29,-26:55:08.88,,1.9299999475479126,,,,N,1,-9.016,-2.048,,,,312.95537723912,-26.91913484546,313
HD 198716,20:53:40.24,-39:48:37.06,5.334000110626221,4.5544045674176274,4.293016919003535,4.170977465215725,4.9360247,N,1,43.547779130739336,-97.02255205742614,8.243484280058505,1.449903,6774564036104416128,313.41769104876784,-39.81029489510696,314
  7 Aqr,20:56:54.02,-09:41:51.32,5.480000019073486,4.490810847061475,4.169164776539361,4.026756483850777,4.9481792,N,1,-5.860102747241621,-10.92016638633256,5.031581220248864,1.674273,6902502796794441600,314.22508424112993,-9.69759033292338,315
HD 200365,21:05:14.27,-54:43:37.94,5.163000106811523,4.475935066561078,4.220118920991875,4.105668457391952,4.8167596,N,1,15.420756629323536,-37.11487578195265,7.723569811048959,1.3396311,6464084732926096640,316.3094884015181,-54.727206511663944,316
  2 PsA,21:06:24.66,-32:20:29.70,5.196000099182129,4.584518792262294,4.3280894050142855,4.231189460764838,4.888074,N,1,-5.948974881004551,7.785805122836323,9.208473121522283,1.2487721,6781170726597994240,316.6027907754175,-32.341584354854774,317
*  24 Cap,21:07:07.66,-25:00:21.06,,2.240000009536743,,,,N,1,-26.62,-44.202,,,,316.7819506660321,-25.00585263557027,318
 13 Aqr,21:09:35.75,-11:22:18.33,4.519999980926514,4.003576145020027,3.749085606539775,3.6620622068731885,4.2510796,N,1,93.61301204071088,-15.49356969885579,20.084233986479735,1.1062934,6895103083539482496,317.3989590718655,-11.371759260894493,319
phi Cap,21:15:37.91,-20:39:06.14,5.1519999504089355,4.517212336018552,4.264500970130881,4.159721411833609,4.8392615,N,1,13.849836128899522,-2.681640354828096,4.87538686788875,1.2865081,6832163911228998784,318.9079805804186,-20.65170712853118,320
 29 Cap,21:15:44.86,-15:10:17.33,5.316999912261963,3.6555341252550098,2.934786525848774,2.7067569268392706,4.2773185,N,1,23.817707247286062,4.263817648698653,4.631565300635339,2.4075708,6884392672053507712,318.93695277712925,-15.171482387865588,321
CCDM J21199-5327A,21:19:52.18,-53:26:58.99,4.482999801635742,4.6570793780066495,4.31605963747175,4.333140872300629,4.449587,N,1,106.98754967629488,-66.4611401227496,33.05456223416199,0.210814,6463748969563201152,319.96742118214337,-53.44972146066485,322
* zet Cap,21:26:40.03,-22:24:40.75,,2.6500000953674316,,,,N,1,-3.867,23.703,,,,321.66679439709753,-22.41132034516556,323
* bet Aqr,21:31:33.53,-05:34:16.22,2.890000104904175,1.840000033378601,,,,N,1,19.214,-8.163,,,,322.88971698347876,-5.5711748280636115,324
ksi Gru,21:32:05.90,-41:10:45.34,5.285999774932861,4.662572542912557,4.4181183252927445,4.298291724852818,4.9758267,N,1,19.356625977373376,10.764381826093176,7.608956564507295,1.266489,6579272663428693248,323.0245972854124,-41.17926223296038,325
eps Cap,21:37:04.84,-19:27:57.63,4.550000190734863,4.985802989870507,4.530493254404232,4.568106493324062,4.4908075,N,1,11.97787023009392,0.49749265147541,3.677716545648635,-0.21104288,6830611400810571648,324.27018611632684,-19.46600901109967,326
ksi Aqr,21:37:45.23,-07:51:15.51,4.690000057220459,4.8306595542025335,4.488120975578807,4.483529207813524,4.641373,N,1,114.8900380210872,-24.434456242196276,18.23237478392839,0.250216,2667335258168556928,324.43847284374436,-7.854310194669084,327
kap Cap,21:42:39.67,-18:51:58.88,4.72599983215332,4.242305745572018,3.9819080718235345,3.8901566082214565,4.476236,N,1,146.354343972603,-8.343405177359145,10.69912087379748,1.0804944,6836557216095979136,325.66530439777097,-18.8663579672892,328
iot PsA,21:44:56.84,-33:01:34.32,4.340000152587891,4.6857035107138145,4.268663801848986,4.298217580244638,4.3158436,N,1,31.168801511692457,-94.29087934473571,15.334646486948524,-0.040712833,6591574171318785664,326.23687217868667,-33.02620089292468,329
c Cap,21:45:00.26,-09:04:56.77,5.078999996185303,4.507672504070754,4.277821051865412,4.181053101821804,4.800738,N,1,13.437931208186434,-1.9000918699504057,4.190616913207877,1.2150321,2666164484444176256,326.2511216186486,-9.082436117183642,330
* del Cap,21:47:02.44,-16:07:38.23,2.8299999237060547,2.430000066757202,,,,N,1,261.7,-296.7,,,,326.76018433125,-16.12728708527778,331
LTT  8739,21:53:18.11,-13:33:06.16,5.079999923706055,5.003052957825034,4.7065491836261515,4.659986992798913,4.9792275,N,1,310.5264804799172,12.6274979000759,37.33769197524785,0.5139127,6840706910418152320,328.32546316145744,-13.551712410658338,332
iot Aqr,22:06:26.27,-13:52:11.75,4.269999980926514,4.635514485579293,4.218366160591796,4.250392729163351,4.250913,N,1,42.209509822887426,-56.56552979831737,15.494008085988549,-0.07257128,2612171866450404992,331.609473816884,-13.86993196356307,333
* alf Gru,22:08:13.98,-46:57:39.50,1.7100000381469727,1.8300000429153442,,,,N,1,126.69,-147.47,,,,332.05826969609114,-46.96097438191952,334
ups PsA,22:08:25.93,-34:02:38.61,4.989999771118164,3.992874357117138,3.660462816339261,3.521976698514062,4.440129,N,1,4.6895185142206905,-49.58470267720707,7.173719365601233,1.6646302,6611527455503953536,332.1080731798732,-34.044060951505884,335
LTT  8891,22:10:09.32,-32:32:54.05,4.920000076293945,4.7633240200265305,4.477517398199372,4.428616468237462,4.804227,N,1,428.8323874753169,13.47523121061188,54.17726137421472,0.64425135,6612242034982766848,332.53884519084073,-32.54834854643202,336
* tet Aqr,22:16:50.03,-07:46:59.83,,2.9800000190734863,,,,N,1,118.929,-21.928,,,,334.20848618584,-7.783288742531944,337
 47 Aqr,22:21:35.55,-21:35:54.98,5.124000072479248,4.504360198170325,4.247095550743326,4.141161257109358,4.810523,N,1,-10.986031364949048,-84.83378361621115,17.347473247209557,1.2358932,6628587855877381120,335.3981480592304,-21.59860715844817,338
* pi.01 Gru,22:22:44.20,-45:56:52.79,,0.5199999809265137,,,,N,1,31.106,-10.338,,,,335.68420162374997,-45.94799754471,339
* del01 Gru,22:29:16.17,-43:29:44.02,,2.7100000381469727,,,,N,1,24.146,-3.176,,,,337.31739147484666,-43.49556159542195,340
* del02 Gru,22:29:45.43,-43:44:57.18,,0.7900000214576721,,,,N,1,-14.737,2.798,,,,337.4393047889025,-43.749218877369444,341
bet PsA,22:31:30.40,-32:20:46.17,4.289999961853027,4.592107368838285,4.187388969063845,4.209581224236311,4.263408,N,1,58.639816749380145,-18.857116609147603,22.08361658789664,0.027941227,6601750220152445440,337.87668566970035,-32.34615910715257,342
* bet Gru,22:42:40.05,-46:53:04.47,2.109999895095825,-1.5700000524520874,,,,N,1,135.16,-4.38,,,,340.66687612556166,-46.884576444824646,343
rho Gru,22:43:29.98,-41:24:53.14,4.835000038146973,4.26891449954622,4.011697607615258,3.908653150121773,4.5501084,N,1,9.5898425102398,-93.6161953421444,13.415834740100744,1.1876478,6544701440869855744,340.87495789649853,-41.41476159735719,344
* tau Aqr,22:49:35.50,-13:35:33.46,,1.840000033378601,,,,N,1,-13.386,-38.609,,,,342.39792075111455,-13.592628543936945,345
HD 216149,22:51:02.18,-39:09:24.72,5.400000095367432,4.508897012556645,4.206003339111365,4.079572554930178,4.9302263,N,1,17.775481794236594,-7.583301966416386,3.627289394478498,1.5809078,6546508900546867840,342.7590975414,-39.15686943556943,346
* lam Aqr,22:52:36.87,-07:34:46.54,,1.1799999475479126,,,,N,1,14.964,32.742,,,,343.15364185224,-7.57959692371,347
* alf PsA,22:57:39.04,-29:37:20.05,1.159999966621399,1.090000033378601,,,,N,1,328.95,-164.67,,,,344.4126927211701,-29.622237033389442,348
* c02 Aqr,23:09:26.79,-21:10:20.69,,2.200000047683716,,,,N,1,53.452,30.201,,,,347.36165018724955,-21.172415205008054,349
* phi Aqr,23:14:19.35,-06:02:56.42,,1.8600000143051147,,,,N,1,36.575,-195.441,,,,348.58065933507993,-6.049006424670001,350
* psi01 Aqr,23:15:53.49,-09:05:15.84,,2.9000000953674316,,,,N,1,369.477,-16.981,,,,348.97289187323753,-9.087734712236944,351
* b01 Aqr,23:22:58.22,-20:06:02.09,,2.559999942779541,,,,N,1,-121.078,-97.781,,,,350.7426076279984,-20.100582088853056,352
* b02 Aqr,23:26:02.78,-20:38:31.26,,2.4600000381469727,,,,N,1,-51.118,-63.995,,,,351.51160776192575,-20.642017986579994,353
HD 224554,23:58:55.88,-52:44:43.91,5.132999897003174,4.470930858384037,4.209738833149843,4.0949709003926325,4.795882,N,1,58.50981205871236,62.02158859359733,12.097462248231231,1.2991982,6521403820271516160,359.7328440878666,-52.74553060635165,354
