source_id,solution_id,ra,dec,wavelength,flux,flux_error
2930559063426460544,4545469030156206080,110.55636700315657,-19.016629889873656,336.0,6.229709E-13,5.7786505E-14
2930559063426460544,4545469030156206080,110.55636700315657,-19.016629889873656,338.0,6.5152305E-13,5.0283213E-14
2930559063426460544,4545469030156206080,110.55636700315657,-19.016629889873656,340.0,6.271676E-13,4.6914306E-14
2930559063426460544,4545469030156206080,110.55636700315657,-19.016629889873656,342.0,5.8370447E-13,4.6219816E-14
2930559063426460544,4545469030156206080,110.55636700315657,-19.016629889873656,344.0,5.566069E-13,4.781676E-14
2930559063426460544,4545469030156206080,110.55636700315657,-19.016629889873656,346.0,5.3713403E-13,5.1587173E-14
2930559063426460544,4545469030156206080,110.55636700315657,-19.016629889873656,348.0,5.1892925E-13,5.7293336E-14
2930559063426460544,4545469030156206080,110.55636700315657,-19.016629889873656,350.0,5.137735E-13,6.453779E-14
2930559063426460544,4545469030156206080,110.55636700315657,-19.016629889873656,352.0,5.548338E-13,7.335836E-14
2930559063426460544,4545469030156206080,110.55636700315657,-19.016629889873656,354.0,6.121828E-13,8.069625E-14
2930559063426460544,4545469030156206080,110.55636700315657,-19.016629889873656,356.0,5.971947E-13,7.9672976E-14
2930559063426460544,4545469030156206080,110.55636700315657,-19.016629889873656,358.0,5.3292846E-13,7.020577E-14
2930559063426460544,4545469030156206080,110.55636700315657,-19.016629889873656,360.0,5.0457343E-13,6.684099E-14
2930559063426460544,4545469030156206080,110.55636700315657,-19.016629889873656,362.0,5.0327754E-13,6.439923E-14
2930559063426460544,4545469030156206080,110.55636700315657,-19.016629889873656,364.0,4.984366E-13,6.52085E-14
2930559063426460544,4545469030156206080,110.55636700315657,-19.016629889873656,366.0,4.815067E-13,6.771457E-14
2930559063426460544,4545469030156206080,110.55636700315657,-19.016629889873656,368.0,4.733183E-13,7.0927246E-14
2930559063426460544,4545469030156206080,110.55636700315657,-19.016629889873656,370.0,4.976232E-13,7.640237E-14
2930559063426460544,4545469030156206080,110.55636700315657,-19.016629889873656,372.0,5.552834E-13,7.839696E-14
2930559063426460544,4545469030156206080,110.55636700315657,-19.016629889873656,374.0,6.244095E-13,8.5263116E-14
2930559063426460544,4545469030156206080,110.55636700315657,-19.016629889873656,376.0,6.8745156E-13,8.973345E-14
2930559063426460544,4545469030156206080,110.55636700315657,-19.016629889873656,378.0,7.5924613E-13,9.450501E-14
2930559063426460544,4545469030156206080,110.55636700315657,-19.016629889873656,380.0,8.4211094E-13,1.01346916E-13
2930559063426460544,4545469030156206080,110.55636700315657,-19.016629889873656,382.0,9.117157E-13,9.910798E-14
2930559063426460544,4545469030156206080,110.55636700315657,-19.016629889873656,384.0,9.499929E-13,9.799303E-14
2930559063426460544,4545469030156206080,110.55636700315657,-19.016629889873656,386.0,9.60359E-13,9.2290006E-14
2930559063426460544,4545469030156206080,110.55636700315657,-19.016629889873656,388.0,9.60671E-13,8.151512E-14
2930559063426460544,4545469030156206080,110.55636700315657,-19.016629889873656,390.0,9.569548E-13,7.493988E-14
2930559063426460544,4545469030156206080,110.55636700315657,-19.016629889873656,392.0,9.467143E-13,6.6694554E-14
2930559063426460544,4545469030156206080,110.55636700315657,-19.016629889873656,394.0,9.229755E-13,5.884136E-14
2930559063426460544,4545469030156206080,110.55636700315657,-19.016629889873656,396.0,8.957221E-13,5.4979123E-14
2930559063426460544,4545469030156206080,110.55636700315657,-19.016629889873656,398.0,8.8155595E-13,5.0318423E-14
2930559063426460544,4545469030156206080,110.55636700315657,-19.016629889873656,400.0,8.866792E-13,4.6056332E-14
2930559063426460544,4545469030156206080,110.55636700315657,-19.016629889873656,402.0,9.0649206E-13,4.4455623E-14
2930559063426460544,4545469030156206080,110.55636700315657,-19.016629889873656,404.0,9.172516E-13,4.2085977E-14
2930559063426460544,4545469030156206080,110.55636700315657,-19.016629889873656,406.0,9.063395E-13,3.89633E-14
2930559063426460544,4545469030156206080,110.55636700315657,-19.016629889873656,408.0,8.7351925E-13,3.7077827E-14
2930559063426460544,4545469030156206080,110.55636700315657,-19.016629889873656,410.0,8.314E-13,3.5706823E-14
2930559063426460544,4545469030156206080,110.55636700315657,-19.016629889873656,412.0,7.9818487E-13,3.4082004E-14
2930559063426460544,4545469030156206080,110.55636700315657,-19.016629889873656,414.0,7.898656E-13,3.2644667E-14
2930559063426460544,4545469030156206080,110.55636700315657,-19.016629889873656,416.0,8.0281045E-13,3.125955E-14
2930559063426460544,4545469030156206080,110.55636700315657,-19.016629889873656,418.0,8.2572095E-13,3.004263E-14
2930559063426460544,4545469030156206080,110.55636700315657,-19.016629889873656,420.0,8.428832E-13,2.881979E-14
2930559063426460544,4545469030156206080,110.55636700315657,-19.016629889873656,422.0,8.425914E-13,2.7183813E-14
2930559063426460544,4545469030156206080,110.55636700315657,-19.016629889873656,424.0,8.227989E-13,2.5809353E-14
2930559063426460544,4545469030156206080,110.55636700315657,-19.016629889873656,426.0,7.914095E-13,2.5209864E-14
2930559063426460544,4545469030156206080,110.55636700315657,-19.016629889873656,428.0,7.5619524E-13,2.4133287E-14
2930559063426460544,4545469030156206080,110.55636700315657,-19.016629889873656,430.0,7.278436E-13,2.227163E-14
2930559063426460544,4545469030156206080,110.55636700315657,-19.016629889873656,432.0,7.102447E-13,2.1155908E-14
2930559063426460544,4545469030156206080,110.55636700315657,-19.016629889873656,434.0,7.025296E-13,2.1039836E-14
2930559063426460544,4545469030156206080,110.55636700315657,-19.016629889873656,436.0,7.030768E-13,2.0199527E-14
2930559063426460544,4545469030156206080,110.55636700315657,-19.016629889873656,438.0,7.088802E-13,1.842429E-14
2930559063426460544,4545469030156206080,110.55636700315657,-19.016629889873656,440.0,7.135677E-13,1.7457869E-14
2930559063426460544,4545469030156206080,110.55636700315657,-19.016629889873656,442.0,7.1501117E-13,1.766083E-14
2930559063426460544,4545469030156206080,110.55636700315657,-19.016629889873656,444.0,7.1226553E-13,1.7210347E-14
2930559063426460544,4545469030156206080,110.55636700315657,-19.016629889873656,446.0,7.06223E-13,1.5619694E-14
2930559063426460544,4545469030156206080,110.55636700315657,-19.016629889873656,448.0,6.9821644E-13,1.4492542E-14
2930559063426460544,4545469030156206080,110.55636700315657,-19.016629889873656,450.0,6.8939684E-13,1.46786E-14
2930559063426460544,4545469030156206080,110.55636700315657,-19.016629889873656,452.0,6.8129476E-13,1.4717635E-14
2930559063426460544,4545469030156206080,110.55636700315657,-19.016629889873656,454.0,6.744376E-13,1.35786564E-14
2930559063426460544,4545469030156206080,110.55636700315657,-19.016629889873656,456.0,6.6799967E-13,1.2178007E-14
2930559063426460544,4545469030156206080,110.55636700315657,-19.016629889873656,458.0,6.6254164E-13,1.1945712E-14
2930559063426460544,4545469030156206080,110.55636700315657,-19.016629889873656,460.0,6.562466E-13,1.2353392E-14
2930559063426460544,4545469030156206080,110.55636700315657,-19.016629889873656,462.0,6.496782E-13,1.2017773E-14
2930559063426460544,4545469030156206080,110.55636700315657,-19.016629889873656,464.0,6.427278E-13,1.079504E-14
2930559063426460544,4545469030156206080,110.55636700315657,-19.016629889873656,466.0,6.3450406E-13,9.799527E-15
2930559063426460544,4545469030156206080,110.55636700315657,-19.016629889873656,468.0,6.2736735E-13,9.8689215E-15
2930559063426460544,4545469030156206080,110.55636700315657,-19.016629889873656,470.0,6.190267E-13,1.0199806E-14
2930559063426460544,4545469030156206080,110.55636700315657,-19.016629889873656,472.0,6.102056E-13,9.8373415E-15
2930559063426460544,4545469030156206080,110.55636700315657,-19.016629889873656,474.0,6.004885E-13,8.816206E-15
2930559063426460544,4545469030156206080,110.55636700315657,-19.016629889873656,476.0,5.889899E-13,7.966938E-15
2930559063426460544,4545469030156206080,110.55636700315657,-19.016629889873656,478.0,5.755715E-13,7.897209E-15
2930559063426460544,4545469030156206080,110.55636700315657,-19.016629889873656,480.0,5.618158E-13,8.172844E-15
2930559063426460544,4545469030156206080,110.55636700315657,-19.016629889873656,482.0,5.468226E-13,8.0476295E-15
2930559063426460544,4545469030156206080,110.55636700315657,-19.016629889873656,484.0,5.336244E-13,7.41008E-15
2930559063426460544,4545469030156206080,110.55636700315657,-19.016629889873656,486.0,5.2157454E-13,6.6610027E-15
2930559063426460544,4545469030156206080,110.55636700315657,-19.016629889873656,488.0,5.129908E-13,6.331775E-15
2930559063426460544,4545469030156206080,110.55636700315657,-19.016629889873656,490.0,5.0820416E-13,6.4219882E-15
2930559063426460544,4545469030156206080,110.55636700315657,-19.016629889873656,492.0,5.071149E-13,6.507018E-15
2930559063426460544,4545469030156206080,110.55636700315657,-19.016629889873656,494.0,5.0782756E-13,6.2930224E-15
2930559063426460544,4545469030156206080,110.55636700315657,-19.016629889873656,496.0,5.093006E-13,5.8496256E-15
2930559063426460544,4545469030156206080,110.55636700315657,-19.016629889873656,498.0,5.110392E-13,5.4528364E-15
2930559063426460544,4545469030156206080,110.55636700315657,-19.016629889873656,500.0,5.11682E-13,5.2905636E-15
2930559063426460544,4545469030156206080,110.55636700315657,-19.016629889873656,502.0,5.0852036E-13,5.282137E-15
2930559063426460544,4545469030156206080,110.55636700315657,-19.016629889873656,504.0,5.0377074E-13,5.263294E-15
2930559063426460544,4545469030156206080,110.55636700315657,-19.016629889873656,506.0,4.9632314E-13,5.113308E-15
2930559063426460544,4545469030156206080,110.55636700315657,-19.016629889873656,508.0,4.8749053E-13,4.8719446E-15
2930559063426460544,4545469030156206080,110.55636700315657,-19.016629889873656,510.0,4.785615E-13,4.6455154E-15
2930559063426460544,4545469030156206080,110.55636700315657,-19.016629889873656,512.0,4.6990206E-13,4.5003445E-15
2930559063426460544,4545469030156206080,110.55636700315657,-19.016629889873656,514.0,4.626446E-13,4.432689E-15
2930559063426460544,4545469030156206080,110.55636700315657,-19.016629889873656,516.0,4.5714333E-13,4.3895174E-15
2930559063426460544,4545469030156206080,110.55636700315657,-19.016629889873656,518.0,4.531681E-13,4.329857E-15
2930559063426460544,4545469030156206080,110.55636700315657,-19.016629889873656,520.0,4.4949412E-13,4.2408297E-15
2930559063426460544,4545469030156206080,110.55636700315657,-19.016629889873656,522.0,4.4706968E-13,4.1500604E-15
2930559063426460544,4545469030156206080,110.55636700315657,-19.016629889873656,524.0,4.4484455E-13,4.063455E-15
2930559063426460544,4545469030156206080,110.55636700315657,-19.016629889873656,526.0,4.4165602E-13,3.9778814E-15
2930559063426460544,4545469030156206080,110.55636700315657,-19.016629889873656,528.0,4.3780488E-13,3.9028623E-15
2930559063426460544,4545469030156206080,110.55636700315657,-19.016629889873656,530.0,4.331718E-13,3.847693E-15
2930559063426460544,4545469030156206080,110.55636700315657,-19.016629889873656,532.0,4.2680472E-13,3.810584E-15
2930559063426460544,4545469030156206080,110.55636700315657,-19.016629889873656,534.0,4.1984626E-13,3.793302E-15
2930559063426460544,4545469030156206080,110.55636700315657,-19.016629889873656,536.0,4.134012E-13,3.781976E-15
2930559063426460544,4545469030156206080,110.55636700315657,-19.016629889873656,538.0,4.0699106E-13,3.7464805E-15
2930559063426460544,4545469030156206080,110.55636700315657,-19.016629889873656,540.0,4.006772E-13,3.6764876E-15
2930559063426460544,4545469030156206080,110.55636700315657,-19.016629889873656,542.0,3.955206E-13,3.59364E-15
2930559063426460544,4545469030156206080,110.55636700315657,-19.016629889873656,544.0,3.916487E-13,3.5263866E-15
2930559063426460544,4545469030156206080,110.55636700315657,-19.016629889873656,546.0,3.8760163E-13,3.485825E-15
2930559063426460544,4545469030156206080,110.55636700315657,-19.016629889873656,548.0,3.842802E-13,3.4836451E-15
2930559063426460544,4545469030156206080,110.55636700315657,-19.016629889873656,550.0,3.8141902E-13,3.4982662E-15
2930559063426460544,4545469030156206080,110.55636700315657,-19.016629889873656,552.0,3.7892023E-13,3.5013784E-15
2930559063426460544,4545469030156206080,110.55636700315657,-19.016629889873656,554.0,3.751861E-13,3.4606293E-15
2930559063426460544,4545469030156206080,110.55636700315657,-19.016629889873656,556.0,3.7183584E-13,3.393537E-15
2930559063426460544,4545469030156206080,110.55636700315657,-19.016629889873656,558.0,3.680003E-13,3.3137244E-15
2930559063426460544,4545469030156206080,110.55636700315657,-19.016629889873656,560.0,3.6346487E-13,3.2490911E-15
2930559063426460544,4545469030156206080,110.55636700315657,-19.016629889873656,562.0,3.5866365E-13,3.2248683E-15
2930559063426460544,4545469030156206080,110.55636700315657,-19.016629889873656,564.0,3.5389627E-13,3.2434702E-15
2930559063426460544,4545469030156206080,110.55636700315657,-19.016629889873656,566.0,3.4948598E-13,3.2859042E-15
2930559063426460544,4545469030156206080,110.55636700315657,-19.016629889873656,568.0,3.4526768E-13,3.3192803E-15
2930559063426460544,4545469030156206080,110.55636700315657,-19.016629889873656,570.0,3.4218822E-13,3.3271651E-15
2930559063426460544,4545469030156206080,110.55636700315657,-19.016629889873656,572.0,3.400156E-13,3.2974747E-15
2930559063426460544,4545469030156206080,110.55636700315657,-19.016629889873656,574.0,3.3714362E-13,3.2228077E-15
2930559063426460544,4545469030156206080,110.55636700315657,-19.016629889873656,576.0,3.3402217E-13,3.130014E-15
2930559063426460544,4545469030156206080,110.55636700315657,-19.016629889873656,578.0,3.2979145E-13,3.037701E-15
2930559063426460544,4545469030156206080,110.55636700315657,-19.016629889873656,580.0,3.253409E-13,2.9724519E-15
2930559063426460544,4545469030156206080,110.55636700315657,-19.016629889873656,582.0,3.1996058E-13,2.929509E-15
2930559063426460544,4545469030156206080,110.55636700315657,-19.016629889873656,584.0,3.135628E-13,2.8947893E-15
2930559063426460544,4545469030156206080,110.55636700315657,-19.016629889873656,586.0,3.080682E-13,2.8669315E-15
2930559063426460544,4545469030156206080,110.55636700315657,-19.016629889873656,588.0,3.0281143E-13,2.8246745E-15
2930559063426460544,4545469030156206080,110.55636700315657,-19.016629889873656,590.0,2.9851924E-13,2.7686153E-15
2930559063426460544,4545469030156206080,110.55636700315657,-19.016629889873656,592.0,2.959293E-13,2.7088834E-15
2930559063426460544,4545469030156206080,110.55636700315657,-19.016629889873656,594.0,2.9286832E-13,2.6362562E-15
2930559063426460544,4545469030156206080,110.55636700315657,-19.016629889873656,596.0,2.9026111E-13,2.5736554E-15
2930559063426460544,4545469030156206080,110.55636700315657,-19.016629889873656,598.0,2.8898867E-13,2.5415209E-15
2930559063426460544,4545469030156206080,110.55636700315657,-19.016629889873656,600.0,2.8813E-13,2.538031E-15
2930559063426460544,4545469030156206080,110.55636700315657,-19.016629889873656,602.0,2.8738424E-13,2.5580454E-15
2930559063426460544,4545469030156206080,110.55636700315657,-19.016629889873656,604.0,2.859242E-13,2.583616E-15
2930559063426460544,4545469030156206080,110.55636700315657,-19.016629889873656,606.0,2.840829E-13,2.6031321E-15
2930559063426460544,4545469030156206080,110.55636700315657,-19.016629889873656,608.0,2.8153117E-13,2.600299E-15
2930559063426460544,4545469030156206080,110.55636700315657,-19.016629889873656,610.0,2.7865592E-13,2.5706666E-15
2930559063426460544,4545469030156206080,110.55636700315657,-19.016629889873656,612.0,2.7563254E-13,2.5149209E-15
2930559063426460544,4545469030156206080,110.55636700315657,-19.016629889873656,614.0,2.7240414E-13,2.4382421E-15
2930559063426460544,4545469030156206080,110.55636700315657,-19.016629889873656,616.0,2.6901222E-13,2.351288E-15
2930559063426460544,4545469030156206080,110.55636700315657,-19.016629889873656,618.0,2.6597051E-13,2.27006E-15
2930559063426460544,4545469030156206080,110.55636700315657,-19.016629889873656,620.0,2.6213146E-13,2.194099E-15
2930559063426460544,4545469030156206080,110.55636700315657,-19.016629889873656,622.0,2.591377E-13,2.141768E-15
2930559063426460544,4545469030156206080,110.55636700315657,-19.016629889873656,624.0,2.5784946E-13,2.1188313E-15
2930559063426460544,4545469030156206080,110.55636700315657,-19.016629889873656,626.0,2.5655156E-13,2.1059162E-15
2930559063426460544,4545469030156206080,110.55636700315657,-19.016629889873656,628.0,2.5567254E-13,2.0997102E-15
2930559063426460544,4545469030156206080,110.55636700315657,-19.016629889873656,630.0,2.5506303E-13,2.0928242E-15
2930559063426460544,4545469030156206080,110.55636700315657,-19.016629889873656,632.0,2.5398414E-13,2.0753618E-15
2930559063426460544,4545469030156206080,110.55636700315657,-19.016629889873656,634.0,2.5310537E-13,2.052059E-15
2930559063426460544,4545469030156206080,110.55636700315657,-19.016629889873656,636.0,2.5079038E-13,1.8104484E-15
2930559063426460544,4545469030156206080,110.55636700315657,-19.016629889873656,638.0,2.446571E-13,1.6840409E-15
2930559063426460544,4545469030156206080,110.55636700315657,-19.016629889873656,640.0,2.3894892E-13,2.0176592E-15
2930559063426460544,4545469030156206080,110.55636700315657,-19.016629889873656,642.0,2.3855549E-13,2.6838146E-15
2930559063426460544,4545469030156206080,110.55636700315657,-19.016629889873656,644.0,2.371069E-13,2.9947472E-15
2930559063426460544,4545469030156206080,110.55636700315657,-19.016629889873656,646.0,2.3328298E-13,2.8274606E-15
2930559063426460544,4545469030156206080,110.55636700315657,-19.016629889873656,648.0,2.2895737E-13,2.6712681E-15
2930559063426460544,4545469030156206080,110.55636700315657,-19.016629889873656,650.0,2.2510233E-13,2.5641193E-15
2930559063426460544,4545469030156206080,110.55636700315657,-19.016629889873656,652.0,2.2144638E-13,2.4089488E-15
2930559063426460544,4545469030156206080,110.55636700315657,-19.016629889873656,654.0,2.1843123E-13,2.2201377E-15
2930559063426460544,4545469030156206080,110.55636700315657,-19.016629889873656,656.0,2.1660244E-13,2.1179176E-15
2930559063426460544,4545469030156206080,110.55636700315657,-19.016629889873656,658.0,2.1651233E-13,2.0578833E-15
2930559063426460544,4545469030156206080,110.55636700315657,-19.016629889873656,660.0,2.1814408E-13,1.9161664E-15
2930559063426460544,4545469030156206080,110.55636700315657,-19.016629889873656,662.0,2.2044444E-13,1.7567823E-15
2930559063426460544,4545469030156206080,110.55636700315657,-19.016629889873656,664.0,2.2202437E-13,1.6831204E-15
2930559063426460544,4545469030156206080,110.55636700315657,-19.016629889873656,666.0,2.2181925E-13,1.60722E-15
2930559063426460544,4545469030156206080,110.55636700315657,-19.016629889873656,668.0,2.2031392E-13,1.4828825E-15
2930559063426460544,4545469030156206080,110.55636700315657,-19.016629889873656,670.0,2.1812176E-13,1.4258327E-15
2930559063426460544,4545469030156206080,110.55636700315657,-19.016629889873656,672.0,2.1545699E-13,1.4288328E-15
2930559063426460544,4545469030156206080,110.55636700315657,-19.016629889873656,674.0,2.1274811E-13,1.3545359E-15
2930559063426460544,4545469030156206080,110.55636700315657,-19.016629889873656,676.0,2.1096403E-13,1.2481297E-15
2930559063426460544,4545469030156206080,110.55636700315657,-19.016629889873656,678.0,2.0916495E-13,1.2454887E-15
2930559063426460544,4545469030156206080,110.55636700315657,-19.016629889873656,680.0,2.0748166E-13,1.2698672E-15
2930559063426460544,4545469030156206080,110.55636700315657,-19.016629889873656,682.0,2.0594019E-13,1.1973271E-15
2930559063426460544,4545469030156206080,110.55636700315657,-19.016629889873656,684.0,2.0417752E-13,1.1172425E-15
2930559063426460544,4545469030156206080,110.55636700315657,-19.016629889873656,686.0,2.0230206E-13,1.1400914E-15
2930559063426460544,4545469030156206080,110.55636700315657,-19.016629889873656,688.0,2.0047934E-13,1.1558218E-15
2930559063426460544,4545469030156206080,110.55636700315657,-19.016629889873656,690.0,1.9852676E-13,1.0870195E-15
2930559063426460544,4545469030156206080,110.55636700315657,-19.016629889873656,692.0,1.9617007E-13,1.0389959E-15
2930559063426460544,4545469030156206080,110.55636700315657,-19.016629889873656,694.0,1.9435667E-13,1.067652E-15
2930559063426460544,4545469030156206080,110.55636700315657,-19.016629889873656,696.0,1.9247119E-13,1.0583654E-15
2930559063426460544,4545469030156206080,110.55636700315657,-19.016629889873656,698.0,1.9081168E-13,9.877309E-16
2930559063426460544,4545469030156206080,110.55636700315657,-19.016629889873656,700.0,1.8924627E-13,9.629231E-16
2930559063426460544,4545469030156206080,110.55636700315657,-19.016629889873656,702.0,1.8835683E-13,1.0008159E-15
2930559063426460544,4545469030156206080,110.55636700315657,-19.016629889873656,704.0,1.8695134E-13,9.952633E-16
2930559063426460544,4545469030156206080,110.55636700315657,-19.016629889873656,706.0,1.8540403E-13,9.426965E-16
2930559063426460544,4545469030156206080,110.55636700315657,-19.016629889873656,708.0,1.8387359E-13,9.244485E-16
2930559063426460544,4545469030156206080,110.55636700315657,-19.016629889873656,710.0,1.8171014E-13,9.409401E-16
2930559063426460544,4545469030156206080,110.55636700315657,-19.016629889873656,712.0,1.7942681E-13,9.359754E-16
2930559063426460544,4545469030156206080,110.55636700315657,-19.016629889873656,714.0,1.7735058E-13,9.159444E-16
2930559063426460544,4545469030156206080,110.55636700315657,-19.016629889873656,716.0,1.7581105E-13,9.149686E-16
2930559063426460544,4545469030156206080,110.55636700315657,-19.016629889873656,718.0,1.7461182E-13,9.116774E-16
2930559063426460544,4545469030156206080,110.55636700315657,-19.016629889873656,720.0,1.7322409E-13,8.880195E-16
2930559063426460544,4545469030156206080,110.55636700315657,-19.016629889873656,722.0,1.7234513E-13,8.875894E-16
2930559063426460544,4545469030156206080,110.55636700315657,-19.016629889873656,724.0,1.7080442E-13,9.130595E-16
2930559063426460544,4545469030156206080,110.55636700315657,-19.016629889873656,726.0,1.6910071E-13,9.104201E-16
2930559063426460544,4545469030156206080,110.55636700315657,-19.016629889873656,728.0,1.677783E-13,8.6860344E-16
2930559063426460544,4545469030156206080,110.55636700315657,-19.016629889873656,730.0,1.6624671E-13,8.469164E-16
2930559063426460544,4545469030156206080,110.55636700315657,-19.016629889873656,732.0,1.64543E-13,8.669298E-16
2930559063426460544,4545469030156206080,110.55636700315657,-19.016629889873656,734.0,1.629896E-13,8.635081E-16
2930559063426460544,4545469030156206080,110.55636700315657,-19.016629889873656,736.0,1.6175872E-13,8.137256E-16
2930559063426460544,4545469030156206080,110.55636700315657,-19.016629889873656,738.0,1.6014018E-13,7.853123E-16
2930559063426460544,4545469030156206080,110.55636700315657,-19.016629889873656,740.0,1.5827706E-13,8.1693183E-16
2930559063426460544,4545469030156206080,110.55636700315657,-19.016629889873656,742.0,1.5643575E-13,8.318664E-16
2930559063426460544,4545469030156206080,110.55636700315657,-19.016629889873656,744.0,1.5442966E-13,7.785695E-16
2930559063426460544,4545469030156206080,110.55636700315657,-19.016629889873656,746.0,1.5266693E-13,7.3103893E-16
2930559063426460544,4545469030156206080,110.55636700315657,-19.016629889873656,748.0,1.511556E-13,7.710458E-16
2930559063426460544,4545469030156206080,110.55636700315657,-19.016629889873656,750.0,1.5042485E-13,8.263618E-16
2930559063426460544,4545469030156206080,110.55636700315657,-19.016629889873656,752.0,1.4972257E-13,7.91153E-16
2930559063426460544,4545469030156206080,110.55636700315657,-19.016629889873656,754.0,1.4943895E-13,6.9675575E-16
2930559063426460544,4545469030156206080,110.55636700315657,-19.016629889873656,756.0,1.4865722E-13,6.7662993E-16
2930559063426460544,4545469030156206080,110.55636700315657,-19.016629889873656,758.0,1.4779669E-13,7.559384E-16
2930559063426460544,4545469030156206080,110.55636700315657,-19.016629889873656,760.0,1.4673362E-13,7.9854116E-16
2930559063426460544,4545469030156206080,110.55636700315657,-19.016629889873656,762.0,1.4510325E-13,7.4192156E-16
2930559063426460544,4545469030156206080,110.55636700315657,-19.016629889873656,764.0,1.4342822E-13,6.6986796E-16
2930559063426460544,4545469030156206080,110.55636700315657,-19.016629889873656,766.0,1.4193163E-13,6.934734E-16
2930559063426460544,4545469030156206080,110.55636700315657,-19.016629889873656,768.0,1.4054761E-13,7.5876883E-16
2930559063426460544,4545469030156206080,110.55636700315657,-19.016629889873656,770.0,1.395994E-13,7.523071E-16
2930559063426460544,4545469030156206080,110.55636700315657,-19.016629889873656,772.0,1.3836074E-13,6.660639E-16
2930559063426460544,4545469030156206080,110.55636700315657,-19.016629889873656,774.0,1.3697997E-13,6.1434024E-16
2930559063426460544,4545469030156206080,110.55636700315657,-19.016629889873656,776.0,1.3567205E-13,6.699403E-16
2930559063426460544,4545469030156206080,110.55636700315657,-19.016629889873656,778.0,1.3431075E-13,7.3135943E-16
2930559063426460544,4545469030156206080,110.55636700315657,-19.016629889873656,780.0,1.3295753E-13,7.041567E-16
2930559063426460544,4545469030156206080,110.55636700315657,-19.016629889873656,782.0,1.3146679E-13,6.1130156E-16
2930559063426460544,4545469030156206080,110.55636700315657,-19.016629889873656,784.0,1.3067494E-13,5.731588E-16
2930559063426460544,4545469030156206080,110.55636700315657,-19.016629889873656,786.0,1.300231E-13,6.347239E-16
2930559063426460544,4545469030156206080,110.55636700315657,-19.016629889873656,788.0,1.2949883E-13,6.9415456E-16
2930559063426460544,4545469030156206080,110.55636700315657,-19.016629889873656,790.0,1.2908E-13,6.789254E-16
2930559063426460544,4545469030156206080,110.55636700315657,-19.016629889873656,792.0,1.2846687E-13,6.162279E-16
2930559063426460544,4545469030156206080,110.55636700315657,-19.016629889873656,794.0,1.2775311E-13,5.903785E-16
2930559063426460544,4545469030156206080,110.55636700315657,-19.016629889873656,796.0,1.2679431E-13,6.239352E-16
2930559063426460544,4545469030156206080,110.55636700315657,-19.016629889873656,798.0,1.253789E-13,6.499015E-16
2930559063426460544,4545469030156206080,110.55636700315657,-19.016629889873656,800.0,1.2401816E-13,6.2716146E-16
2930559063426460544,4545469030156206080,110.55636700315657,-19.016629889873656,802.0,1.2252803E-13,5.8060466E-16
2930559063426460544,4545469030156206080,110.55636700315657,-19.016629889873656,804.0,1.211216E-13,5.6665493E-16
2930559063426460544,4545469030156206080,110.55636700315657,-19.016629889873656,806.0,1.2022001E-13,5.9207847E-16
2930559063426460544,4545469030156206080,110.55636700315657,-19.016629889873656,808.0,1.1937749E-13,6.0767356E-16
2930559063426460544,4545469030156206080,110.55636700315657,-19.016629889873656,810.0,1.1862394E-13,5.8929316E-16
2930559063426460544,4545469030156206080,110.55636700315657,-19.016629889873656,812.0,1.1797139E-13,5.6087033E-16
2930559063426460544,4545469030156206080,110.55636700315657,-19.016629889873656,814.0,1.1687004E-13,5.5553466E-16
2930559063426460544,4545469030156206080,110.55636700315657,-19.016629889873656,816.0,1.1623993E-13,5.737668E-16
2930559063426460544,4545469030156206080,110.55636700315657,-19.016629889873656,818.0,1.1515047E-13,5.7883807E-16
2930559063426460544,4545469030156206080,110.55636700315657,-19.016629889873656,820.0,1.1417064E-13,5.6368253E-16
2930559063426460544,4545469030156206080,110.55636700315657,-19.016629889873656,822.0,1.1288617E-13,5.5124883E-16
2930559063426460544,4545469030156206080,110.55636700315657,-19.016629889873656,824.0,1.1169311E-13,5.6602585E-16
2930559063426460544,4545469030156206080,110.55636700315657,-19.016629889873656,826.0,1.1087387E-13,5.914093E-16
2930559063426460544,4545469030156206080,110.55636700315657,-19.016629889873656,828.0,1.1012079E-13,5.9162456E-16
2930559063426460544,4545469030156206080,110.55636700315657,-19.016629889873656,830.0,1.0939466E-13,5.6173065E-16
2930559063426460544,4545469030156206080,110.55636700315657,-19.016629889873656,832.0,1.0880009E-13,5.3830786E-16
2930559063426460544,4545469030156206080,110.55636700315657,-19.016629889873656,834.0,1.0798808E-13,5.5726054E-16
2930559063426460544,4545469030156206080,110.55636700315657,-19.016629889873656,836.0,1.07238166E-13,6.031356E-16
2930559063426460544,4545469030156206080,110.55636700315657,-19.016629889873656,838.0,1.06759104E-13,6.2803475E-16
2930559063426460544,4545469030156206080,110.55636700315657,-19.016629889873656,840.0,1.05818207E-13,6.0393333E-16
2930559063426460544,4545469030156206080,110.55636700315657,-19.016629889873656,842.0,1.04992986E-13,5.5816904E-16
2930559063426460544,4545469030156206080,110.55636700315657,-19.016629889873656,844.0,1.0363603E-13,5.42842E-16
2930559063426460544,4545469030156206080,110.55636700315657,-19.016629889873656,846.0,1.03110235E-13,5.8660473E-16
2930559063426460544,4545469030156206080,110.55636700315657,-19.016629889873656,848.0,1.0262314E-13,6.3993816E-16
2930559063426460544,4545469030156206080,110.55636700315657,-19.016629889873656,850.0,1.02289874E-13,6.5316415E-16
2930559063426460544,4545469030156206080,110.55636700315657,-19.016629889873656,852.0,1.0170619E-13,6.1682416E-16
2930559063426460544,4545469030156206080,110.55636700315657,-19.016629889873656,854.0,1.01436126E-13,5.763027E-16
2930559063426460544,4545469030156206080,110.55636700315657,-19.016629889873656,856.0,1.0120585E-13,5.8593314E-16
2930559063426460544,4545469030156206080,110.55636700315657,-19.016629889873656,858.0,1.0116684E-13,6.4615495E-16
2930559063426460544,4545469030156206080,110.55636700315657,-19.016629889873656,860.0,1.0087106E-13,6.9788103E-16
2930559063426460544,4545469030156206080,110.55636700315657,-19.016629889873656,862.0,1.0044344E-13,6.9767626E-16
2930559063426460544,4545469030156206080,110.55636700315657,-19.016629889873656,864.0,1.0019648E-13,6.483503E-16
2930559063426460544,4545469030156206080,110.55636700315657,-19.016629889873656,866.0,9.995018E-14,5.9470347E-16
2930559063426460544,4545469030156206080,110.55636700315657,-19.016629889873656,868.0,1.0032843E-13,6.001593E-16
2930559063426460544,4545469030156206080,110.55636700315657,-19.016629889873656,870.0,9.95901E-14,6.563557E-16
2930559063426460544,4545469030156206080,110.55636700315657,-19.016629889873656,872.0,9.977365E-14,7.186548E-16
2930559063426460544,4545469030156206080,110.55636700315657,-19.016629889873656,874.0,9.951875E-14,7.320161E-16
2930559063426460544,4545469030156206080,110.55636700315657,-19.016629889873656,876.0,9.9481465E-14,6.979775E-16
2930559063426460544,4545469030156206080,110.55636700315657,-19.016629889873656,878.0,9.943694E-14,6.5243295E-16
2930559063426460544,4545469030156206080,110.55636700315657,-19.016629889873656,880.0,9.986356E-14,6.499188E-16
2930559063426460544,4545469030156206080,110.55636700315657,-19.016629889873656,882.0,9.956823E-14,6.9472573E-16
2930559063426460544,4545469030156206080,110.55636700315657,-19.016629889873656,884.0,9.909887E-14,7.5004127E-16
2930559063426460544,4545469030156206080,110.55636700315657,-19.016629889873656,886.0,9.8357046E-14,7.728289E-16
2930559063426460544,4545469030156206080,110.55636700315657,-19.016629889873656,888.0,9.766836E-14,7.5536863E-16
2930559063426460544,4545469030156206080,110.55636700315657,-19.016629889873656,890.0,9.710428E-14,7.2207044E-16
2930559063426460544,4545469030156206080,110.55636700315657,-19.016629889873656,892.0,9.63421E-14,7.100299E-16
2930559063426460544,4545469030156206080,110.55636700315657,-19.016629889873656,894.0,9.555372E-14,7.3818884E-16
2930559063426460544,4545469030156206080,110.55636700315657,-19.016629889873656,896.0,9.528751E-14,7.8788014E-16
2930559063426460544,4545469030156206080,110.55636700315657,-19.016629889873656,898.0,9.4694435E-14,8.168965E-16
2930559063426460544,4545469030156206080,110.55636700315657,-19.016629889873656,900.0,9.44269E-14,8.146595E-16
2930559063426460544,4545469030156206080,110.55636700315657,-19.016629889873656,902.0,9.4217995E-14,7.911687E-16
2930559063426460544,4545469030156206080,110.55636700315657,-19.016629889873656,904.0,9.3692984E-14,7.73809E-16
2930559063426460544,4545469030156206080,110.55636700315657,-19.016629889873656,906.0,9.306715E-14,7.871671E-16
2930559063426460544,4545469030156206080,110.55636700315657,-19.016629889873656,908.0,9.290525E-14,8.2878775E-16
2930559063426460544,4545469030156206080,110.55636700315657,-19.016629889873656,910.0,9.2039766E-14,8.6082926E-16
2930559063426460544,4545469030156206080,110.55636700315657,-19.016629889873656,912.0,9.123856E-14,8.6913696E-16
2930559063426460544,4545469030156206080,110.55636700315657,-19.016629889873656,914.0,9.0597783E-14,8.5574145E-16
2930559063426460544,4545469030156206080,110.55636700315657,-19.016629889873656,916.0,9.002479E-14,8.407385E-16
2930559063426460544,4545469030156206080,110.55636700315657,-19.016629889873656,918.0,8.882252E-14,8.417175E-16
2930559063426460544,4545469030156206080,110.55636700315657,-19.016629889873656,920.0,8.815573E-14,8.7378394E-16
2930559063426460544,4545469030156206080,110.55636700315657,-19.016629889873656,922.0,8.819673E-14,9.19457E-16
2930559063426460544,4545469030156206080,110.55636700315657,-19.016629889873656,924.0,8.745196E-14,9.390126E-16
2930559063426460544,4545469030156206080,110.55636700315657,-19.016629889873656,926.0,8.68407E-14,9.325604E-16
2930559063426460544,4545469030156206080,110.55636700315657,-19.016629889873656,928.0,8.692974E-14,9.184016E-16
2930559063426460544,4545469030156206080,110.55636700315657,-19.016629889873656,930.0,8.6429284E-14,9.085002E-16
2930559063426460544,4545469030156206080,110.55636700315657,-19.016629889873656,932.0,8.579779E-14,9.266133E-16
2930559063426460544,4545469030156206080,110.55636700315657,-19.016629889873656,934.0,8.540687E-14,9.709964E-16
2930559063426460544,4545469030156206080,110.55636700315657,-19.016629889873656,936.0,8.4874206E-14,1.0129427E-15
2930559063426460544,4545469030156206080,110.55636700315657,-19.016629889873656,938.0,8.4373555E-14,1.0320969E-15
2930559063426460544,4545469030156206080,110.55636700315657,-19.016629889873656,940.0,8.337283E-14,1.0174025E-15
2930559063426460544,4545469030156206080,110.55636700315657,-19.016629889873656,942.0,8.23709E-14,9.918496E-16
2930559063426460544,4545469030156206080,110.55636700315657,-19.016629889873656,944.0,8.2375885E-14,9.958933E-16
2930559063426460544,4545469030156206080,110.55636700315657,-19.016629889873656,946.0,8.121685E-14,1.0207201E-15
2930559063426460544,4545469030156206080,110.55636700315657,-19.016629889873656,948.0,8.048584E-14,1.0744782E-15
2930559063426460544,4545469030156206080,110.55636700315657,-19.016629889873656,950.0,8.074449E-14,1.135641E-15
2930559063426460544,4545469030156206080,110.55636700315657,-19.016629889873656,952.0,7.9941824E-14,1.1501243E-15
2930559063426460544,4545469030156206080,110.55636700315657,-19.016629889873656,954.0,7.968632E-14,1.135318E-15
2930559063426460544,4545469030156206080,110.55636700315657,-19.016629889873656,956.0,8.006459E-14,1.1120634E-15
2930559063426460544,4545469030156206080,110.55636700315657,-19.016629889873656,958.0,7.9815135E-14,1.0984549E-15
2930559063426460544,4545469030156206080,110.55636700315657,-19.016629889873656,960.0,7.971926E-14,1.1328759E-15
2930559063426460544,4545469030156206080,110.55636700315657,-19.016629889873656,962.0,7.953083E-14,1.2062167E-15
2930559063426460544,4545469030156206080,110.55636700315657,-19.016629889873656,964.0,7.942504E-14,1.2873351E-15
2930559063426460544,4545469030156206080,110.55636700315657,-19.016629889873656,966.0,7.8337734E-14,1.3230812E-15
2930559063426460544,4545469030156206080,110.55636700315657,-19.016629889873656,968.0,7.7707555E-14,1.3210975E-15
2930559063426460544,4545469030156206080,110.55636700315657,-19.016629889873656,970.0,7.720584E-14,1.2886207E-15
2930559063426460544,4545469030156206080,110.55636700315657,-19.016629889873656,972.0,7.5500255E-14,1.2428776E-15
2930559063426460544,4545469030156206080,110.55636700315657,-19.016629889873656,974.0,7.4995945E-14,1.2694711E-15
2930559063426460544,4545469030156206080,110.55636700315657,-19.016629889873656,976.0,7.397812E-14,1.3539904E-15
2930559063426460544,4545469030156206080,110.55636700315657,-19.016629889873656,978.0,7.232139E-14,1.4578744E-15
2930559063426460544,4545469030156206080,110.55636700315657,-19.016629889873656,980.0,7.2280276E-14,1.5728318E-15
2930559063426460544,4545469030156206080,110.55636700315657,-19.016629889873656,982.0,7.077159E-14,1.5945738E-15
2930559063426460544,4545469030156206080,110.55636700315657,-19.016629889873656,984.0,7.0356894E-14,1.5705871E-15
2930559063426460544,4545469030156206080,110.55636700315657,-19.016629889873656,986.0,6.980709E-14,1.5044829E-15
2930559063426460544,4545469030156206080,110.55636700315657,-19.016629889873656,988.0,6.86403E-14,1.4534167E-15
2930559063426460544,4545469030156206080,110.55636700315657,-19.016629889873656,990.0,6.894448E-14,1.5318258E-15
2930559063426460544,4545469030156206080,110.55636700315657,-19.016629889873656,992.0,6.7816954E-14,1.6888542E-15
2930559063426460544,4545469030156206080,110.55636700315657,-19.016629889873656,994.0,6.7637526E-14,1.923112E-15
2930559063426460544,4545469030156206080,110.55636700315657,-19.016629889873656,996.0,6.722074E-14,2.1294228E-15
2930559063426460544,4545469030156206080,110.55636700315657,-19.016629889873656,998.0,6.600357E-14,2.2277045E-15
2930559063426460544,4545469030156206080,110.55636700315657,-19.016629889873656,1000.0,6.531196E-14,2.2388754E-15
2930559063426460544,4545469030156206080,110.55636700315657,-19.016629889873656,1002.0,6.42217E-14,2.1631834E-15
2930559063426460544,4545469030156206080,110.55636700315657,-19.016629889873656,1004.0,6.2740374E-14,2.1024093E-15
2930559063426460544,4545469030156206080,110.55636700315657,-19.016629889873656,1006.0,6.2186354E-14,2.248041E-15
2930559063426460544,4545469030156206080,110.55636700315657,-19.016629889873656,1008.0,6.072407E-14,2.6053895E-15
2930559063426460544,4545469030156206080,110.55636700315657,-19.016629889873656,1010.0,6.0289535E-14,3.1652905E-15
2930559063426460544,4545469030156206080,110.55636700315657,-19.016629889873656,1012.0,6.050686E-14,3.765485E-15
2930559063426460544,4545469030156206080,110.55636700315657,-19.016629889873656,1014.0,6.006761E-14,4.1704785E-15
2930559063426460544,4545469030156206080,110.55636700315657,-19.016629889873656,1016.0,6.1726876E-14,4.4612543E-15
2930559063426460544,4545469030156206080,110.55636700315657,-19.016629889873656,1018.0,6.1871806E-14,4.362862E-15
2930559063426460544,4545469030156206080,110.55636700315657,-19.016629889873656,1020.0,6.40398E-14,4.250169E-15
